{"type":"FeatureCollection","features":[{"type":"Feature","properties":{},"geometry":{"type":"MultiPolygon","coordinates":[[[[-25.43,70.92],[-25.4,70.86],[-25.39,70.83],[-25.4,70.81],[-25.42,70.79],[-25.47,70.78],[-25.38,70.74],[-25.35,70.71],[-25.35,70.69],[-25.4,70.65],[-25.8,70.6],[-25.91,70.57],[-26.05,70.51],[-26.22,70.45],[-26.27,70.45],[-26.34,70.51],[-26.6,70.55],[-27.1,70.53],[-27.69,70.48],[-27.9,70.45],[-28.0,70.47],[-28.04,70.49],[-28.04,70.51],[-27.97,70.59],[-27.94,70.62],[-27.81,70.64],[-27.71,70.71],[-27.74,70.79],[-27.71,70.9],[-27.62,70.91],[-27.39,70.88],[-27.24,70.87],[-26.98,70.86],[-26.62,70.88],[-26.34,70.92],[-25.82,71.04],[-25.73,71.04],[-25.66,71.0],[-25.61,70.98],[-25.46,70.94],[-25.43,70.92]]],[[[22.62,58.62],[22.69,58.6],[22.75,58.6],[22.82,58.62],[22.96,58.61],[23.29,58.48],[23.32,58.45],[23.13,58.44],[23.08,58.4],[23.04,58.37],[22.98,58.36],[22.89,58.31],[22.76,58.26],[22.73,58.23],[22.5,58.24],[22.37,58.22],[22.27,58.16],[22.23,58.05],[22.15,57.97],[22.08,57.94],[22.0,57.93],[21.98,57.96],[21.99,58.0],[22.15,58.12],[22.19,58.15],[22.1,58.17],[22.03,58.21],[21.88,58.26],[21.85,58.3],[21.89,58.3],[21.92,58.32],[21.97,58.35],[21.98,58.39],[21.86,58.5],[21.92,58.51],[22.0,58.51],[22.08,58.48],[22.17,58.52],[22.21,58.52],[22.27,58.51],[22.33,58.58],[22.47,58.6],[22.55,58.63],[22.62,58.62]]],[[[21.61,78.6],[21.75,78.57],[22.04,78.58],[22.21,78.41],[22.3,78.23],[22.45,78.22],[22.73,78.24],[22.99,78.25],[23.12,78.24],[23.35,78.19],[23.45,78.15],[23.36,78.12],[23.15,78.09],[23.12,77.99],[23.33,77.96],[23.68,77.88],[23.88,77.86],[24.24,77.9],[24.57,77.83],[24.9,77.76],[24.13,77.66],[24.06,77.63],[23.95,77.56],[23.84,77.5],[23.74,77.46],[23.51,77.4],[23.38,77.38],[23.1,77.39],[23.0,77.36],[22.9,77.31],[22.8,77.28],[22.55,77.27],[22.43,77.32],[22.47,77.33],[22.49,77.36],[22.44,77.43],[22.68,77.5],[22.73,77.54],[22.69,77.55],[22.62,77.55],[22.45,77.57],[22.4,77.57],[22.25,77.53],[22.06,77.5],[21.86,77.49],[21.05,77.44],[20.93,77.46],[20.87,77.57],[21.2,77.62],[21.25,77.71],[21.33,77.77],[21.43,77.81],[21.61,77.92],[21.65,77.92],[21.21,78.01],[21.04,78.06],[20.84,78.17],[20.79,78.25],[20.53,78.33],[20.56,78.42],[20.37,78.41],[20.23,78.48],[20.36,78.51],[21.05,78.56],[21.45,78.6],[21.61,78.6]]],[[[19.08,57.84],[18.99,57.81],[18.95,57.74],[18.88,57.73],[18.81,57.71],[18.79,57.48],[18.91,57.4],[18.84,57.39],[18.78,57.36],[18.74,57.32],[18.7,57.24],[18.54,57.2],[18.48,57.16],[18.39,57.09],[18.34,56.98],[18.25,56.93],[18.15,56.92],[18.21,57.01],[18.29,57.08],[18.21,57.13],[18.16,57.21],[18.11,57.27],[18.15,57.34],[18.13,57.45],[18.14,57.56],[18.2,57.61],[18.28,57.66],[18.41,57.76],[18.54,57.83],[18.72,57.86],[18.81,57.83],[18.84,57.9],[18.9,57.92],[18.96,57.9],[19.08,57.84]]],[[[12.57,55.79],[12.57,55.68],[12.55,55.66],[12.51,55.64],[12.41,55.62],[12.32,55.59],[12.24,55.54],[12.22,55.47],[12.28,55.41],[12.39,55.39],[12.41,55.29],[12.32,55.24],[12.09,55.19],[12.07,55.07],[12.07,54.98],[12.07,54.91],[12.05,54.82],[11.86,54.77],[11.74,54.92],[11.74,54.97],[11.7,55.04],[11.7,55.1],[11.65,55.19],[11.48,55.21],[11.41,55.21],[11.31,55.2],[11.29,55.2],[11.17,55.33],[11.19,55.47],[11.13,55.53],[11.12,55.57],[11.12,55.6],[11.07,55.63],[11.01,55.64],[10.98,55.72],[11.05,55.74],[11.22,55.73],[11.28,55.74],[11.32,55.75],[11.46,55.88],[11.46,55.91],[11.47,55.94],[11.63,55.96],[11.7,55.91],[11.68,55.83],[11.69,55.73],[11.78,55.7],[11.82,55.7],[11.86,55.77],[11.89,55.81],[11.92,55.83],[11.93,55.9],[11.91,55.94],[11.87,55.97],[12.04,56.05],[12.22,56.12],[12.32,56.12],[12.43,56.11],[12.53,56.08],[12.58,56.06],[12.61,56.03],[12.54,55.96],[12.52,55.92],[12.57,55.79]]],[[[10.65,55.61],[10.69,55.56],[10.74,55.45],[10.82,55.32],[10.79,55.27],[10.81,55.2],[10.79,55.13],[10.62,55.05],[10.44,55.05],[10.25,55.09],[9.99,55.16],[9.97,55.21],[9.93,55.23],[9.86,55.36],[9.86,55.52],[9.99,55.54],[10.29,55.61],[10.35,55.6],[10.42,55.56],[10.51,55.56],[10.62,55.61],[10.65,55.61]]],[[[-61.8,49.09],[-62.22,49.08],[-62.55,49.14],[-62.8,49.17],[-63.04,49.22],[-63.57,49.4],[-63.63,49.46],[-63.68,49.53],[-63.78,49.6],[-63.88,49.66],[-64.44,49.83],[-64.49,49.89],[-64.37,49.93],[-64.24,49.94],[-64.13,49.94],[-63.76,49.88],[-63.29,49.82],[-63.09,49.77],[-62.86,49.71],[-62.63,49.62],[-62.13,49.41],[-62.04,49.39],[-61.82,49.28],[-61.74,49.2],[-61.7,49.14],[-61.75,49.11],[-61.8,49.09]]],[[[-61.11,45.94],[-61.07,45.94],[-60.94,45.99],[-60.87,45.98],[-60.87,45.95],[-60.98,45.91],[-61.04,45.88],[-60.97,45.86],[-60.97,45.84],[-61.05,45.8],[-61.09,45.75],[-61.06,45.7],[-60.93,45.75],[-60.88,45.75],[-60.81,45.74],[-60.74,45.75],[-60.7,45.77],[-60.47,45.95],[-60.46,45.97],[-60.7,45.93],[-60.73,45.96],[-60.57,46.06],[-60.59,46.12],[-60.5,46.2],[-60.43,46.26],[-60.38,46.28],[-60.3,46.31],[-60.24,46.27],[-60.23,46.2],[-60.09,46.21],[-59.96,46.19],[-59.87,46.16],[-59.85,46.14],[-59.85,46.11],[-59.88,46.06],[-59.93,46.02],[-59.83,45.97],[-59.84,45.94],[-60.02,45.88],[-60.11,45.82],[-60.21,45.74],[-60.39,45.65],[-60.67,45.59],[-60.76,45.59],[-60.87,45.61],[-60.98,45.61],[-61.08,45.58],[-61.19,45.59],[-61.24,45.57],[-61.28,45.57],[-61.32,45.6],[-61.41,45.67],[-61.45,45.72],[-61.5,45.94],[-61.48,46.06],[-61.41,46.17],[-61.3,46.24],[-61.24,46.3],[-60.98,46.65],[-60.93,46.73],[-60.87,46.8],[-60.76,46.86],[-60.62,46.98],[-60.57,47.0],[-60.49,47.01],[-60.41,47.0],[-60.43,46.96],[-60.43,46.92],[-60.33,46.77],[-60.33,46.74],[-60.38,46.61],[-60.48,46.41],[-60.51,46.3],[-60.49,46.27],[-60.53,46.21],[-60.58,46.17],[-60.74,46.09],[-60.83,46.07],[-60.91,46.04],[-61.11,45.94]]],[[[-63.81,46.47],[-63.78,46.45],[-63.74,46.48],[-63.68,46.56],[-63.53,46.54],[-63.46,46.5],[-63.41,46.51],[-63.37,46.51],[-63.29,46.46],[-63.13,46.42],[-62.96,46.43],[-62.71,46.45],[-62.68,46.46],[-62.42,46.48],[-62.16,46.49],[-62.07,46.47],[-62.04,46.45],[-62.02,46.42],[-62.17,46.36],[-62.32,46.28],[-62.53,46.2],[-62.55,46.17],[-62.54,46.1],[-62.54,46.03],[-62.5,46.02],[-62.48,46.0],[-62.53,45.98],[-62.74,45.97],[-62.8,45.97],[-62.88,46.0],[-62.9,46.07],[-62.99,46.06],[-63.02,46.07],[-62.89,46.12],[-62.95,46.2],[-63.02,46.19],[-63.06,46.22],[-63.05,46.27],[-63.0,46.29],[-62.98,46.32],[-63.06,46.3],[-63.12,46.25],[-63.19,46.24],[-63.27,46.2],[-63.15,46.19],[-63.21,46.16],[-63.28,46.15],[-63.57,46.21],[-63.64,46.23],[-63.73,46.29],[-63.8,46.37],[-63.76,46.37],[-63.75,46.38],[-63.76,46.4],[-63.86,46.41],[-64.02,46.4],[-64.11,46.43],[-64.11,46.56],[-64.14,46.6],[-64.24,46.63],[-64.39,46.64],[-64.4,46.69],[-64.35,46.77],[-64.28,46.84],[-64.22,46.9],[-64.16,46.95],[-63.99,47.06],[-64.0,46.98],[-63.98,46.91],[-64.09,46.78],[-63.9,46.64],[-63.88,46.61],[-63.86,46.57],[-63.88,46.54],[-63.91,46.51],[-63.83,46.49],[-63.81,46.47]]],[[[20.9,80.25],[21.0,80.24],[21.55,80.24],[21.65,80.22],[21.7,80.16],[21.78,80.14],[21.9,80.13],[22.19,80.06],[22.29,80.05],[22.38,80.09],[22.44,80.19],[22.45,80.31],[22.42,80.37],[22.45,80.4],[22.55,80.42],[22.67,80.41],[22.79,80.43],[22.9,80.47],[23.01,80.47],[23.25,80.45],[23.32,80.43],[23.25,80.38],[23.22,80.32],[23.11,80.19],[23.35,80.18],[23.69,80.21],[23.77,80.24],[23.95,80.3],[24.14,80.3],[24.23,80.3],[24.28,80.33],[24.3,80.36],[24.4,80.36],[24.55,80.3],[24.61,80.29],[24.74,80.3],[24.79,80.3],[24.91,80.28],[25.47,80.23],[25.67,80.21],[25.75,80.19],[25.84,80.18],[26.44,80.18],[26.86,80.16],[27.02,80.13],[27.15,80.06],[27.2,79.91],[27.08,79.87],[26.22,79.68],[26.01,79.62],[25.9,79.56],[25.73,79.44],[25.64,79.4],[25.24,79.35],[25.15,79.34],[24.84,79.37],[24.75,79.36],[24.38,79.3],[24.26,79.26],[24.13,79.22],[23.95,79.19],[23.76,79.21],[22.9,79.23],[22.79,79.26],[22.7,79.33],[22.87,79.41],[21.91,79.38],[20.86,79.4],[20.81,79.41],[20.76,79.44],[20.4,79.46],[20.13,79.49],[19.9,79.53],[19.67,79.59],[19.75,79.62],[19.82,79.63],[20.01,79.64],[20.19,79.63],[20.49,79.63],[20.56,79.69],[20.69,79.71],[20.78,79.75],[20.46,79.77],[20.12,79.78],[19.9,79.74],[19.64,79.73],[19.4,79.73],[18.94,79.74],[18.73,79.76],[18.43,79.82],[18.32,79.86],[18.28,79.89],[18.26,79.93],[18.59,79.97],[18.73,80.0],[18.86,80.04],[18.34,80.06],[18.13,80.09],[17.92,80.14],[18.09,80.17],[18.78,80.19],[18.96,80.17],[19.14,80.14],[19.34,80.12],[19.54,80.16],[19.35,80.19],[19.19,80.26],[19.16,80.3],[19.18,80.33],[19.26,80.34],[19.33,80.32],[19.57,80.25],[19.75,80.23],[19.8,80.29],[19.81,80.33],[19.78,80.35],[19.69,80.4],[19.61,80.46],[19.73,80.48],[19.85,80.47],[20.1,80.43],[20.36,80.4],[20.48,80.37],[20.69,80.3],[20.9,80.25]]],[[[16.79,79.91],[16.84,79.9],[16.89,79.92],[16.93,79.94],[16.97,79.96],[17.22,79.94],[17.58,79.88],[17.68,79.86],[17.83,79.8],[17.96,79.7],[17.86,79.64],[17.73,79.57],[17.69,79.53],[17.73,79.48],[17.72,79.43],[17.67,79.39],[17.86,79.44],[18.27,79.6],[18.33,79.61],[18.4,79.61],[18.58,79.57],[18.75,79.49],[18.79,79.46],[18.82,79.43],[18.83,79.38],[18.82,79.34],[18.81,79.3],[18.72,79.28],[18.68,79.26],[18.77,79.26],[18.88,79.23],[18.98,79.18],[19.09,79.16],[19.49,79.18],[19.75,79.15],[19.89,79.06],[20.11,79.08],[20.11,79.12],[20.16,79.15],[20.46,79.13],[20.61,79.11],[20.77,79.06],[20.5,78.98],[20.72,78.91],[21.09,78.85],[21.31,78.8],[21.35,78.77],[21.39,78.74],[21.24,78.7],[21.1,78.68],[20.72,78.67],[20.39,78.64],[19.77,78.62],[19.68,78.61],[19.65,78.6],[19.62,78.56],[19.38,78.48],[19.15,78.38],[19.06,78.32],[18.98,78.23],[18.96,78.18],[19.01,78.13],[19.0,78.08],[18.82,78.04],[18.71,78.04],[18.57,78.05],[18.44,78.03],[18.43,77.99],[18.44,77.94],[18.4,77.79],[18.36,77.68],[18.3,77.58],[18.23,77.52],[18.14,77.51],[17.85,77.5],[17.62,77.4],[17.44,77.23],[17.35,77.16],[17.15,77.05],[17.19,77.01],[17.25,76.97],[17.14,76.89],[16.98,76.81],[16.98,76.78],[17.04,76.72],[17.06,76.66],[16.94,76.61],[16.7,76.58],[16.46,76.61],[16.35,76.64],[16.24,76.7],[16.12,76.74],[16.0,76.76],[15.55,76.89],[15.12,77.09],[14.74,77.16],[14.49,77.2],[14.37,77.23],[14.25,77.28],[14.15,77.34],[14.05,77.4],[14.0,77.45],[14.0,77.51],[14.03,77.55],[14.07,77.56],[14.38,77.58],[14.49,77.57],[14.6,77.54],[14.7,77.53],[14.92,77.69],[16.21,77.78],[16.62,77.8],[17.03,77.8],[16.97,77.84],[16.91,77.9],[16.85,77.91],[16.54,77.88],[16.06,77.85],[15.83,77.85],[15.59,77.87],[15.34,77.86],[15.1,77.81],[14.85,77.78],[14.6,77.77],[14.09,77.77],[13.96,77.8],[13.79,77.85],[13.75,77.88],[13.71,77.92],[13.68,78.03],[13.72,78.06],[13.77,78.07],[13.82,78.09],[13.94,78.09],[14.05,78.07],[14.31,78.01],[14.25,78.07],[14.99,78.15],[15.34,78.22],[15.52,78.23],[15.7,78.23],[15.66,78.26],[15.66,78.3],[15.78,78.33],[15.88,78.34],[16.15,78.35],[16.78,78.35],[17.0,78.37],[17.17,78.42],[16.99,78.4],[16.81,78.4],[16.73,78.41],[16.54,78.45],[16.45,78.5],[16.7,78.61],[16.78,78.66],[16.53,78.66],[16.45,78.64],[16.16,78.54],[15.94,78.49],[15.68,78.47],[15.42,78.47],[15.36,78.49],[15.28,78.55],[15.25,78.59],[15.26,78.61],[15.35,78.66],[15.39,78.72],[15.38,78.77],[15.32,78.78],[15.23,78.73],[15.14,78.66],[15.02,78.63],[14.89,78.64],[14.84,78.67],[14.79,78.71],[14.74,78.72],[14.69,78.72],[14.58,78.7],[14.47,78.68],[14.51,78.63],[14.52,78.58],[14.47,78.54],[14.43,78.49],[14.55,78.46],[14.64,78.41],[14.5,78.39],[14.36,78.36],[14.24,78.31],[14.11,78.27],[13.91,78.27],[13.65,78.25],[13.15,78.24],[12.91,78.3],[12.87,78.33],[12.82,78.35],[12.66,78.38],[12.43,78.48],[12.26,78.59],[12.14,78.61],[11.96,78.64],[11.87,78.67],[11.77,78.72],[11.75,78.77],[11.76,78.81],[11.86,78.83],[11.61,78.88],[11.37,78.95],[11.46,78.97],[11.55,78.98],[12.27,78.9],[12.32,78.91],[12.4,78.95],[12.38,78.97],[12.25,78.98],[12.09,78.98],[12.05,78.98],[11.98,79.03],[11.93,79.08],[11.9,79.11],[11.89,79.15],[12.02,79.21],[12.08,79.27],[11.98,79.29],[11.68,79.29],[11.58,79.28],[11.62,79.21],[11.52,79.15],[11.34,79.11],[11.21,79.13],[11.11,79.23],[10.98,79.3],[10.93,79.35],[10.89,79.42],[10.83,79.46],[10.74,79.52],[10.72,79.56],[10.74,79.58],[10.81,79.64],[10.75,79.69],[10.69,79.73],[10.68,79.76],[10.75,79.79],[10.8,79.8],[10.87,79.8],[11.05,79.76],[11.15,79.72],[11.19,79.72],[11.25,79.78],[11.34,79.8],[11.7,79.82],[12.1,79.74],[12.21,79.72],[12.29,79.71],[12.25,79.75],[12.22,79.8],[12.28,79.82],[12.6,79.77],[12.75,79.78],[13.11,79.83],[13.69,79.86],[13.91,79.82],[13.93,79.79],[13.92,79.76],[13.91,79.75],[13.78,79.72],[13.04,79.69],[12.56,79.57],[13.22,79.59],[13.33,79.57],[13.38,79.48],[13.43,79.47],[13.6,79.46],[13.72,79.43],[13.83,79.38],[13.96,79.34],[14.03,79.34],[14.06,79.38],[14.03,79.43],[14.01,79.48],[14.02,79.54],[14.04,79.59],[14.18,79.62],[14.38,79.73],[14.59,79.8],[14.83,79.77],[15.05,79.68],[15.25,79.55],[15.44,79.41],[15.66,79.23],[15.76,79.17],[15.86,79.16],[16.29,78.98],[16.34,78.98],[16.25,79.11],[16.03,79.34],[15.88,79.52],[15.84,79.59],[15.82,79.68],[15.83,79.71],[15.85,79.73],[15.96,79.84],[16.1,79.88],[16.06,79.95],[16.09,80.01],[16.25,80.05],[16.39,80.05],[16.52,80.02],[16.79,79.91]]],[[[-52.73,69.94],[-52.4,69.86],[-52.05,69.81],[-52.01,69.78],[-51.98,69.74],[-51.98,69.72],[-51.99,69.7],[-52.01,69.69],[-51.98,69.66],[-51.91,69.64],[-51.9,69.6],[-51.99,69.55],[-52.11,69.49],[-52.77,69.36],[-53.0,69.34],[-53.58,69.26],[-53.75,69.26],[-53.79,69.26],[-53.9,69.3],[-54.05,69.34],[-54.12,69.36],[-54.18,69.4],[-54.16,69.43],[-54.05,69.44],[-53.89,69.44],[-53.66,69.47],[-53.72,69.49],[-53.78,69.51],[-53.83,69.54],[-53.92,69.53],[-53.99,69.55],[-54.13,69.57],[-54.5,69.58],[-54.73,69.61],[-54.8,69.63],[-54.87,69.67],[-54.92,69.71],[-54.84,69.9],[-54.79,69.95],[-54.66,69.97],[-54.36,69.92],[-54.32,69.94],[-54.65,70.01],[-54.77,70.05],[-54.81,70.09],[-54.83,70.13],[-54.83,70.16],[-54.82,70.19],[-54.79,70.22],[-54.71,70.26],[-54.37,70.32],[-54.01,70.3],[-53.38,70.22],[-53.3,70.21],[-53.1,70.14],[-52.73,69.94]]],[[[-3.11,58.52],[-3.1,58.43],[-3.11,58.41],[-3.14,58.38],[-3.21,58.32],[-3.41,58.24],[-3.77,58.05],[-3.99,57.96],[-4.02,57.91],[-4.04,57.85],[-3.91,57.84],[-3.86,57.82],[-3.89,57.79],[-4.08,57.68],[-4.13,57.58],[-3.99,57.58],[-3.87,57.6],[-3.63,57.66],[-3.4,57.71],[-3.29,57.71],[-3.08,57.67],[-3.04,57.67],[-2.95,57.69],[-2.86,57.69],[-2.24,57.68],[-2.07,57.7],[-1.96,57.68],[-1.87,57.61],[-1.78,57.49],[-1.78,57.47],[-1.83,57.42],[-1.93,57.35],[-2.02,57.26],[-2.05,57.21],[-2.06,57.15],[-2.09,57.1],[-2.26,56.86],[-2.43,56.73],[-2.5,56.64],[-2.59,56.56],[-2.68,56.51],[-2.78,56.48],[-3.05,56.45],[-3.12,56.43],[-3.21,56.38],[-3.31,56.36],[-3.2,56.37],[-3.09,56.39],[-2.89,56.4],[-2.65,56.32],[-2.67,56.25],[-2.77,56.2],[-2.98,56.19],[-3.18,56.08],[-3.27,56.05],[-3.36,56.03],[-3.48,56.03],[-3.7,56.06],[-3.79,56.1],[-3.7,56.04],[-3.61,56.02],[-3.05,55.95],[-3.02,55.96],[-2.84,56.03],[-2.6,56.03],[-2.15,55.9],[-2.02,55.81],[-1.83,55.67],[-1.73,55.62],[-1.66,55.57],[-1.61,55.5],[-1.52,55.26],[-1.42,55.03],[-1.29,54.77],[-1.23,54.7],[-1.15,54.65],[-0.76,54.54],[-0.67,54.5],[-0.52,54.4],[-0.37,54.28],[-0.23,54.19],[-0.08,54.12],[-0.16,54.08],[-0.21,54.02],[-0.17,53.94],[-0.11,53.87],[0.01,53.74],[0.12,53.61],[0.08,53.63],[0.04,53.64],[-0.02,53.64],[-0.07,53.64],[-0.17,53.69],[-0.27,53.74],[-0.46,53.72],[-0.57,53.73],[-0.66,53.72],[-0.49,53.69],[-0.29,53.69],[0.13,53.47],[0.27,53.34],[0.36,53.16],[0.3,53.08],[0.21,53.03],[0.12,52.97],[0.05,52.91],[0.28,52.81],[0.33,52.81],[0.38,52.83],[0.43,52.86],[0.52,52.94],[0.56,52.97],[0.7,52.98],[0.83,52.97],[0.95,52.95],[1.06,52.96],[1.27,52.92],[1.38,52.89],[1.66,52.75],[1.72,52.68],[1.74,52.58],[1.75,52.47],[1.7,52.37],[1.65,52.28],[1.61,52.16],[1.59,52.12],[1.56,52.09],[1.41,51.99],[1.32,51.96],[1.28,51.97],[1.23,51.97],[1.23,51.95],[1.27,51.9],[1.27,51.85],[1.19,51.8],[1.1,51.79],[0.96,51.81],[0.75,51.73],[0.9,51.69],[0.93,51.65],[0.89,51.57],[0.8,51.54],[0.7,51.52],[0.59,51.52],[0.51,51.5],[0.42,51.47],[0.53,51.48],[0.6,51.47],[0.65,51.4],[0.69,51.39],[0.89,51.36],[1.01,51.36],[1.26,51.38],[1.37,51.37],[1.41,51.36],[1.42,51.31],[1.4,51.18],[1.37,51.16],[1.04,51.05],[0.98,50.97],[0.96,50.93],[0.77,50.93],[0.68,50.89],[0.53,50.85],[0.41,50.82],[0.3,50.78],[0.21,50.76],[-0.2,50.81],[-0.45,50.81],[-0.79,50.77],[-0.87,50.77],[-1.0,50.82],[-1.13,50.84],[-1.29,50.86],[-1.42,50.9],[-1.33,50.82],[-1.52,50.75],[-1.6,50.73],[-1.69,50.74],[-1.87,50.72],[-2.03,50.73],[-2.01,50.67],[-1.96,50.63],[-2.0,50.61],[-2.04,50.6],[-2.35,50.64],[-2.39,50.63],[-2.43,50.6],[-2.55,50.62],[-2.66,50.67],[-2.78,50.71],[-2.9,50.72],[-3.0,50.72],[-3.4,50.63],[-3.49,50.55],[-3.53,50.43],[-3.58,50.32],[-3.68,50.24],[-3.79,50.23],[-3.9,50.29],[-4.1,50.35],[-4.17,50.39],[-4.19,50.39],[-4.22,50.38],[-4.3,50.36],[-4.38,50.36],[-4.51,50.34],[-4.73,50.29],[-4.82,50.26],[-5.01,50.16],[-5.05,50.13],[-5.12,50.04],[-5.23,50.02],[-5.32,50.08],[-5.43,50.1],[-5.55,50.08],[-5.62,50.05],[-5.66,50.08],[-5.66,50.13],[-5.57,50.2],[-5.34,50.25],[-5.14,50.37],[-5.04,50.45],[-5.0,50.5],[-4.96,50.52],[-4.89,50.53],[-4.86,50.58],[-4.58,50.78],[-4.56,50.82],[-4.55,50.9],[-4.52,50.98],[-4.3,51.03],[-4.19,51.19],[-4.16,51.2],[-3.84,51.23],[-3.61,51.23],[-3.38,51.2],[-3.26,51.19],[-3.14,51.21],[-3.04,51.25],[-2.88,51.41],[-2.79,51.47],[-2.69,51.54],[-2.59,51.61],[-2.43,51.74],[-2.54,51.7],[-2.67,51.62],[-2.74,51.58],[-2.98,51.54],[-3.08,51.5],[-3.26,51.4],[-3.29,51.39],[-3.56,51.41],[-3.76,51.54],[-3.89,51.59],[-3.94,51.6],[-4.0,51.58],[-4.12,51.57],[-4.23,51.57],[-4.17,51.63],[-4.09,51.66],[-4.28,51.68],[-4.33,51.7],[-4.39,51.74],[-4.53,51.75],[-4.6,51.74],[-4.72,51.68],[-4.9,51.63],[-5.12,51.71],[-5.17,51.74],[-5.17,51.81],[-5.2,51.86],[-5.26,51.88],[-5.18,51.95],[-5.09,52.0],[-4.88,52.04],[-4.56,52.15],[-4.38,52.2],[-4.22,52.28],[-4.15,52.33],[-4.1,52.39],[-4.05,52.48],[-3.98,52.54],[-4.05,52.56],[-4.08,52.61],[-4.07,52.66],[-4.04,52.7],[-4.07,52.76],[-4.12,52.82],[-4.11,52.87],[-4.1,52.92],[-4.23,52.91],[-4.36,52.9],[-4.47,52.86],[-4.58,52.81],[-4.68,52.81],[-4.68,52.84],[-4.64,52.89],[-4.53,52.96],[-4.41,53.01],[-4.36,53.06],[-4.33,53.11],[-4.27,53.14],[-4.11,53.22],[-3.81,53.3],[-3.76,53.31],[-3.65,53.3],[-3.53,53.31],[-3.43,53.34],[-3.33,53.35],[-3.1,53.26],[-3.17,53.39],[-3.06,53.43],[-2.92,53.31],[-2.86,53.29],[-2.75,53.31],[-2.79,53.33],[-2.85,53.33],[-2.91,53.35],[-2.97,53.39],[-3.06,53.51],[-3.06,53.59],[-3.0,53.66],[-2.93,53.73],[-2.98,53.75],[-3.03,53.77],[-3.05,53.84],[-3.03,53.91],[-2.9,53.96],[-2.86,54.04],[-2.85,54.14],[-2.87,54.18],[-2.99,54.17],[-3.05,54.15],[-3.11,54.13],[-3.17,54.13],[-3.32,54.23],[-3.41,54.31],[-3.57,54.47],[-3.59,54.56],[-3.46,54.77],[-3.27,54.91],[-3.04,54.95],[-3.08,54.96],[-3.43,54.96],[-3.55,54.95],[-3.66,54.89],[-3.72,54.88],[-3.78,54.87],[-3.84,54.84],[-3.9,54.81],[-3.96,54.78],[-4.08,54.79],[-4.13,54.78],[-4.17,54.8],[-4.21,54.84],[-4.25,54.85],[-4.3,54.84],[-4.41,54.79],[-4.52,54.76],[-4.65,54.79],[-4.82,54.85],[-4.85,54.83],[-4.89,54.77],[-4.91,54.69],[-5.03,54.76],[-5.14,54.86],[-5.17,54.92],[-5.17,54.99],[-5.12,55.01],[-5.06,54.99],[-4.97,55.15],[-4.78,55.36],[-4.72,55.42],[-4.68,55.5],[-4.68,55.55],[-4.72,55.6],[-4.89,55.7],[-4.89,55.78],[-4.87,55.87],[-4.83,55.93],[-4.81,55.94],[-4.58,55.94],[-4.67,55.97],[-4.84,56.05],[-4.84,56.08],[-4.8,56.16],[-4.82,56.15],[-4.86,56.11],[-4.93,56.03],[-4.97,56.01],[-5.09,55.99],[-5.11,55.94],[-5.13,55.93],[-5.2,55.93],[-5.21,55.89],[-5.23,55.89],[-5.25,55.93],[-5.25,56.0],[-5.22,56.07],[-5.18,56.12],[-5.0,56.23],[-5.08,56.2],[-5.28,56.09],[-5.38,56.02],[-5.41,56.0],[-5.42,55.98],[-5.42,55.95],[-5.37,55.83],[-5.39,55.77],[-5.56,55.39],[-5.59,55.35],[-5.62,55.33],[-5.65,55.33],[-5.73,55.33],[-5.77,55.36],[-5.77,55.39],[-5.75,55.44],[-5.68,55.62],[-5.65,55.67],[-5.61,55.72],[-5.5,55.8],[-5.51,55.81],[-5.57,55.79],[-5.6,55.8],[-5.62,55.81],[-5.61,56.06],[-5.56,56.13],[-5.53,56.25],[-5.49,56.35],[-5.43,56.42],[-5.39,56.51],[-5.33,56.56],[-5.31,56.62],[-5.24,56.69],[-5.19,56.76],[-5.22,56.75],[-5.56,56.57],[-5.65,56.53],[-5.77,56.54],[-5.86,56.56],[-5.94,56.61],[-5.97,56.69],[-6.06,56.69],[-6.13,56.71],[-6.13,56.72],[-6.03,56.76],[-5.88,56.78],[-5.73,56.85],[-5.86,56.9],[-5.85,56.92],[-5.74,56.96],[-5.59,57.1],[-5.56,57.23],[-5.63,57.29],[-5.66,57.33],[-5.79,57.38],[-5.82,57.44],[-5.8,57.47],[-5.76,57.5],[-5.69,57.52],[-5.58,57.55],[-5.68,57.57],[-5.71,57.6],[-5.74,57.64],[-5.74,57.67],[-5.69,57.78],[-5.67,57.82],[-5.61,57.88],[-5.35,57.88],[-5.32,57.9],[-5.29,57.9],[-5.16,57.88],[-5.18,57.91],[-5.39,58.04],[-5.41,58.07],[-5.35,58.14],[-5.35,58.18],[-5.36,58.21],[-5.34,58.24],[-5.27,58.25],[-5.06,58.25],[-5.01,58.26],[-5.03,58.3],[-5.08,58.35],[-5.09,58.38],[-5.08,58.42],[-5.08,58.49],[-5.07,58.52],[-5.02,58.57],[-4.98,58.58],[-4.92,58.59],[-4.81,58.57],[-4.77,58.55],[-4.72,58.51],[-4.68,58.51],[-4.53,58.56],[-4.49,58.57],[-4.43,58.51],[-4.19,58.56],[-3.86,58.58],[-3.66,58.61],[-3.45,58.62],[-3.26,58.65],[-3.05,58.63],[-3.05,58.62],[-3.06,58.59],[-3.11,58.52]]],[[[-7.18,55.06],[-7.1,55.05],[-7.03,55.08],[-6.95,55.18],[-6.89,55.19],[-6.82,55.18],[-6.7,55.19],[-6.48,55.24],[-6.38,55.24],[-6.23,55.22],[-6.13,55.22],[-6.04,55.14],[-5.99,55.03],[-5.87,54.92],[-5.72,54.82],[-5.71,54.76],[-5.77,54.72],[-5.88,54.68],[-5.88,54.64],[-5.8,54.66],[-5.74,54.67],[-5.58,54.66],[-5.53,54.62],[-5.49,54.55],[-5.47,54.5],[-5.48,54.44],[-5.53,54.46],[-5.57,54.51],[-5.62,54.54],[-5.67,54.55],[-5.65,54.48],[-5.66,54.38],[-5.63,54.37],[-5.56,54.37],[-5.61,54.27],[-5.71,54.25],[-5.83,54.24],[-5.85,54.2],[-5.88,54.16],[-5.94,54.09],[-6.02,54.05],[-6.12,54.06],[-6.22,54.09],[-6.18,54.05],[-6.16,54.02],[-6.23,54.0],[-6.31,54.01],[-6.35,53.99],[-6.35,53.94],[-6.32,53.88],[-6.27,53.84],[-6.23,53.75],[-6.19,53.64],[-6.14,53.58],[-6.13,53.5],[-6.14,53.46],[-6.13,53.39],[-6.15,53.37],[-6.13,53.3],[-6.07,53.17],[-6.05,53.09],[-6.03,52.93],[-6.07,52.87],[-6.13,52.81],[-6.17,52.74],[-6.2,52.66],[-6.22,52.54],[-6.35,52.4],[-6.4,52.37],[-6.46,52.35],[-6.33,52.25],[-6.44,52.2],[-6.56,52.19],[-6.7,52.21],[-6.78,52.21],[-6.86,52.18],[-6.89,52.16],[-6.91,52.17],[-6.97,52.25],[-7.0,52.17],[-7.08,52.14],[-7.22,52.14],[-7.44,52.12],[-7.53,52.1],[-7.56,52.06],[-7.59,52.02],[-7.62,51.99],[-7.66,51.98],[-7.84,51.95],[-7.87,51.94],[-7.95,51.87],[-8.06,51.83],[-8.15,51.81],[-8.22,51.85],[-8.25,51.88],[-8.29,51.89],[-8.41,51.89],[-8.37,51.88],[-8.35,51.85],[-8.34,51.79],[-8.35,51.74],[-8.41,51.71],[-8.48,51.71],[-8.59,51.65],[-8.73,51.64],[-8.81,51.58],[-9.3,51.5],[-9.32,51.5],[-9.39,51.52],[-9.46,51.53],[-9.53,51.52],[-9.74,51.47],[-9.84,51.48],[-9.71,51.6],[-9.54,51.66],[-9.52,51.68],[-9.58,51.69],[-9.9,51.65],[-10.01,51.61],[-10.12,51.6],[-10.07,51.66],[-9.93,51.73],[-9.85,51.77],[-9.8,51.78],[-9.75,51.82],[-9.6,51.87],[-10.08,51.77],[-10.21,51.78],[-10.24,51.81],[-10.34,51.8],[-10.38,51.87],[-10.23,51.97],[-10.15,52.02],[-10.04,52.04],[-9.95,52.08],[-9.91,52.12],[-9.96,52.14],[-10.25,52.13],[-10.39,52.13],[-10.38,52.17],[-10.36,52.21],[-10.21,52.27],[-10.13,52.28],[-10.06,52.28],[-9.99,52.26],[-9.94,52.24],[-9.77,52.25],[-9.84,52.29],[-9.85,52.38],[-9.91,52.4],[-9.84,52.44],[-9.76,52.47],[-9.63,52.55],[-9.59,52.56],[-9.33,52.58],[-9.06,52.62],[-8.78,52.68],[-8.92,52.71],[-8.99,52.76],[-9.1,52.67],[-9.18,52.63],[-9.39,52.62],[-9.46,52.63],[-9.56,52.65],[-9.59,52.64],[-9.62,52.62],[-9.76,52.58],[-9.92,52.57],[-9.74,52.65],[-9.51,52.78],[-9.46,52.82],[-9.39,52.9],[-9.42,52.93],[-9.46,52.95],[-9.3,53.1],[-9.24,53.12],[-9.14,53.13],[-9.06,53.15],[-9.03,53.15],[-9.0,53.16],[-8.93,53.21],[-9.03,53.24],[-9.14,53.25],[-9.47,53.23],[-9.51,53.24],[-9.56,53.25],[-9.58,53.27],[-9.6,53.32],[-9.63,53.33],[-9.7,53.33],[-9.77,53.32],[-9.83,53.32],[-9.88,53.34],[-9.8,53.39],[-9.9,53.41],[-10.0,53.4],[-10.09,53.41],[-10.09,53.45],[-10.05,53.48],[-10.11,53.51],[-10.12,53.55],[-10.06,53.57],[-10.0,53.56],[-9.88,53.59],[-9.72,53.6],[-9.86,53.63],[-9.91,53.66],[-9.91,53.7],[-9.9,53.73],[-9.75,53.78],[-9.58,53.81],[-9.59,53.84],[-9.58,53.88],[-9.75,53.89],[-9.91,53.86],[-9.9,53.94],[-9.86,54.0],[-9.85,54.05],[-9.86,54.1],[-9.93,54.08],[-9.94,54.14],[-9.98,54.19],[-10.09,54.16],[-10.09,54.22],[-10.06,54.26],[-10.0,54.28],[-9.94,54.27],[-9.82,54.27],[-9.72,54.3],[-9.56,54.31],[-9.32,54.3],[-9.15,54.21],[-9.1,54.23],[-9.03,54.28],[-9.0,54.29],[-8.75,54.26],[-8.59,54.23],[-8.55,54.24],[-8.57,54.3],[-8.62,54.35],[-8.55,54.4],[-8.47,54.44],[-8.42,54.46],[-8.29,54.48],[-8.23,54.51],[-8.19,54.58],[-8.13,54.64],[-8.46,54.61],[-8.76,54.68],[-8.72,54.73],[-8.65,54.76],[-8.54,54.78],[-8.53,54.81],[-8.47,54.83],[-8.38,54.89],[-8.41,54.97],[-8.39,55.02],[-8.33,55.06],[-8.3,55.11],[-8.27,55.15],[-8.14,55.16],[-8.01,55.2],[-7.96,55.19],[-7.8,55.2],[-7.75,55.19],[-7.76,55.25],[-7.67,55.26],[-7.63,55.24],[-7.61,55.2],[-7.57,55.17],[-7.56,55.12],[-7.59,55.08],[-7.63,55.05],[-7.59,55.03],[-7.66,54.97],[-7.58,54.99],[-7.48,55.05],[-7.48,55.09],[-7.5,55.14],[-7.53,55.19],[-7.52,55.25],[-7.46,55.28],[-7.3,55.3],[-7.37,55.36],[-7.31,55.37],[-7.25,55.35],[-7.16,55.31],[-7.06,55.27],[-6.96,55.24],[-7.06,55.18],[-7.17,55.14],[-7.22,55.09],[-7.18,55.06]]],[[[-15.54,66.23],[-15.43,66.22],[-15.24,66.26],[-15.16,66.28],[-14.97,66.36],[-14.86,66.38],[-14.68,66.38],[-14.6,66.38],[-14.59,66.37],[-14.7,66.34],[-14.79,66.33],[-14.91,66.28],[-15.03,66.18],[-15.12,66.13],[-15.12,66.1],[-15.01,66.06],[-14.89,66.04],[-14.79,66.06],[-14.74,66.05],[-14.7,66.02],[-14.67,65.99],[-14.67,65.96],[-14.69,65.9],[-14.75,65.83],[-14.84,65.78],[-14.83,65.76],[-14.76,65.76],[-14.43,65.79],[-14.39,65.79],[-14.37,65.77],[-14.37,65.74],[-14.35,65.71],[-14.32,65.68],[-14.33,65.66],[-14.47,65.58],[-14.3,65.63],[-14.17,65.64],[-13.94,65.62],[-13.84,65.59],[-13.79,65.53],[-13.71,65.55],[-13.67,65.55],[-13.62,65.52],[-13.62,65.49],[-13.65,65.44],[-13.67,65.4],[-13.71,65.38],[-13.78,65.37],[-13.8,65.35],[-13.77,65.32],[-13.72,65.29],[-13.65,65.29],[-13.64,65.28],[-13.64,65.26],[-13.65,65.24],[-13.67,65.22],[-13.71,65.22],[-13.75,65.19],[-13.58,65.14],[-13.56,65.12],[-13.56,65.1],[-13.57,65.07],[-13.6,65.04],[-13.65,65.02],[-13.78,65.01],[-13.85,64.99],[-13.83,64.96],[-13.83,64.91],[-13.85,64.86],[-13.95,64.78],[-14.04,64.74],[-14.14,64.71],[-14.3,64.72],[-14.39,64.75],[-14.38,64.68],[-14.47,64.64],[-14.45,64.6],[-14.42,64.58],[-14.43,64.54],[-14.48,64.49],[-14.55,64.45],[-14.63,64.42],[-14.79,64.38],[-14.93,64.32],[-15.02,64.3],[-15.26,64.3],[-15.49,64.26],[-15.83,64.18],[-16.06,64.11],[-16.24,64.04],[-16.47,63.92],[-16.64,63.87],[-16.74,63.85],[-16.93,63.84],[-17.1,63.81],[-17.63,63.75],[-17.82,63.71],[-17.84,63.68],[-17.91,63.64],[-17.92,63.62],[-17.89,63.61],[-17.88,63.59],[-17.95,63.54],[-18.08,63.5],[-18.14,63.5],[-18.22,63.53],[-18.25,63.53],[-18.27,63.52],[-18.27,63.51],[-18.22,63.47],[-18.3,63.45],[-18.65,63.41],[-19.25,63.44],[-19.49,63.48],[-19.78,63.54],[-19.95,63.55],[-20.2,63.56],[-20.4,63.64],[-20.49,63.69],[-20.5,63.71],[-20.49,63.73],[-20.47,63.75],[-20.44,63.76],[-20.37,63.76],[-20.36,63.76],[-20.41,63.81],[-20.46,63.79],[-20.59,63.74],[-20.65,63.74],[-20.73,63.77],[-20.73,63.79],[-20.88,63.8],[-21.01,63.84],[-21.14,63.89],[-21.16,63.91],[-21.09,63.93],[-21.11,63.94],[-21.15,63.94],[-21.25,63.94],[-21.39,63.87],[-21.45,63.86],[-22.37,63.84],[-22.61,63.84],[-22.65,63.83],[-22.69,63.87],[-22.73,63.96],[-22.74,64.02],[-22.73,64.05],[-22.7,64.08],[-22.65,64.08],[-22.6,64.05],[-22.56,64.01],[-22.51,63.99],[-22.19,64.04],[-22.06,64.07],[-22.0,64.1],[-21.94,64.15],[-21.87,64.18],[-21.83,64.21],[-21.77,64.28],[-21.72,64.32],[-21.67,64.35],[-21.61,64.37],[-21.46,64.38],[-21.56,64.4],[-21.65,64.4],[-21.95,64.31],[-22.05,64.31],[-22.05,64.33],[-22.01,64.35],[-21.9,64.39],[-21.97,64.39],[-22.0,64.41],[-22.0,64.45],[-21.95,64.51],[-21.7,64.6],[-21.62,64.61],[-21.59,64.63],[-21.62,64.64],[-21.67,64.65],[-21.92,64.56],[-22.11,64.53],[-22.16,64.54],[-22.25,64.57],[-22.28,64.59],[-22.32,64.62],[-22.32,64.65],[-22.23,64.71],[-22.25,64.73],[-22.31,64.73],[-22.47,64.79],[-22.72,64.79],[-23.35,64.82],[-23.48,64.81],[-23.69,64.76],[-23.82,64.74],[-23.88,64.75],[-23.93,64.78],[-23.98,64.82],[-24.03,64.86],[-24.01,64.9],[-23.92,64.92],[-23.86,64.92],[-23.69,64.91],[-23.49,64.95],[-23.35,64.95],[-23.31,64.96],[-23.24,64.99],[-23.2,65.0],[-23.14,64.99],[-23.11,64.97],[-22.9,65.0],[-22.83,65.02],[-22.82,65.03],[-22.79,65.05],[-22.68,65.03],[-22.6,65.03],[-22.49,65.04],[-22.31,65.05],[-21.89,65.05],[-21.83,65.08],[-21.8,65.11],[-21.76,65.17],[-21.78,65.19],[-22.04,65.13],[-22.1,65.13],[-22.4,65.16],[-22.51,65.2],[-22.47,65.23],[-22.31,65.29],[-22.15,65.34],[-21.91,65.4],[-21.85,65.42],[-21.84,65.45],[-22.01,65.49],[-22.31,65.48],[-22.39,65.54],[-22.64,65.57],[-22.81,65.55],[-22.9,65.58],[-23.12,65.53],[-23.6,65.47],[-23.8,65.42],[-23.9,65.41],[-24.02,65.45],[-24.22,65.49],[-24.45,65.5],[-24.48,65.53],[-24.34,65.6],[-24.25,65.61],[-24.16,65.61],[-23.98,65.55],[-23.86,65.54],[-24.01,65.62],[-24.01,65.65],[-24.02,65.69],[-24.07,65.71],[-24.11,65.76],[-24.09,65.78],[-24.03,65.78],[-23.91,65.77],[-23.62,65.68],[-23.47,65.69],[-23.39,65.73],[-23.29,65.75],[-23.32,65.76],[-23.57,65.76],[-23.7,65.78],[-23.77,65.81],[-23.83,65.85],[-23.81,65.87],[-23.74,65.88],[-23.52,65.88],[-23.67,65.95],[-23.77,66.0],[-23.78,66.02],[-23.77,66.04],[-23.76,66.06],[-23.74,66.07],[-23.49,66.03],[-23.43,66.02],[-23.48,66.05],[-23.59,66.09],[-23.6,66.11],[-23.55,66.12],[-23.53,66.15],[-23.53,66.16],[-23.45,66.18],[-23.38,66.18],[-23.3,66.17],[-23.06,66.09],[-23.03,66.06],[-23.02,66.03],[-23.03,66.0],[-23.02,65.98],[-22.93,65.99],[-22.85,65.98],[-22.82,65.98],[-22.72,66.04],[-22.66,66.03],[-22.62,66.0],[-22.61,65.98],[-22.6,65.94],[-22.62,65.88],[-22.62,65.87],[-22.55,65.91],[-22.44,65.91],[-22.43,65.93],[-22.42,66.0],[-22.43,66.06],[-22.45,66.07],[-22.81,66.15],[-22.87,66.17],[-22.95,66.21],[-22.93,66.23],[-22.86,66.25],[-22.76,66.26],[-22.51,66.26],[-22.48,66.27],[-22.53,66.29],[-22.65,66.3],[-22.67,66.31],[-22.69,66.34],[-22.82,66.32],[-22.97,66.32],[-23.12,66.34],[-23.12,66.36],[-23.06,66.38],[-22.94,66.43],[-22.89,66.44],[-22.72,66.43],[-22.56,66.45],[-22.43,66.43],[-22.32,66.39],[-22.17,66.31],[-21.97,66.26],[-21.95,66.24],[-21.84,66.2],[-21.63,66.09],[-21.41,66.03],[-21.4,66.01],[-21.43,65.99],[-21.52,65.97],[-21.5,65.96],[-21.39,65.94],[-21.31,65.9],[-21.3,65.88],[-21.37,65.74],[-21.41,65.71],[-21.46,65.7],[-21.66,65.72],[-21.61,65.68],[-21.47,65.64],[-21.43,65.61],[-21.46,65.58],[-21.44,65.58],[-21.39,65.59],[-21.36,65.58],[-21.37,65.54],[-21.4,65.5],[-21.43,65.47],[-21.42,65.46],[-21.37,65.47],[-21.31,65.46],[-21.23,65.42],[-21.16,65.3],[-21.13,65.27],[-21.11,65.3],[-21.08,65.38],[-21.05,65.43],[-21.02,65.43],[-21.0,65.44],[-20.98,65.47],[-20.94,65.57],[-20.8,65.64],[-20.74,65.66],[-20.68,65.66],[-20.65,65.65],[-20.55,65.58],[-20.49,65.57],[-20.45,65.57],[-20.41,65.62],[-20.36,65.72],[-20.34,65.83],[-20.37,65.95],[-20.36,66.03],[-20.29,66.08],[-20.21,66.1],[-20.1,66.08],[-20.03,66.05],[-19.87,65.93],[-19.75,65.87],[-19.65,65.8],[-19.59,65.78],[-19.49,65.77],[-19.46,65.77],[-19.44,65.79],[-19.43,65.81],[-19.46,65.98],[-19.43,66.04],[-19.38,66.08],[-19.2,66.1],[-19.09,66.12],[-18.99,66.16],[-18.91,66.18],[-18.85,66.18],[-18.78,66.17],[-18.71,66.14],[-18.59,66.07],[-18.45,65.96],[-18.28,65.88],[-18.18,65.76],[-18.16,65.74],[-18.14,65.73],[-18.12,65.75],[-18.1,65.77],[-18.1,65.83],[-18.15,65.91],[-18.32,66.09],[-18.32,66.13],[-18.3,66.16],[-18.18,66.16],[-17.91,66.14],[-17.82,66.11],[-17.63,66.0],[-17.58,65.97],[-17.55,65.96],[-17.54,65.98],[-17.47,66.0],[-17.42,66.03],[-17.33,66.09],[-17.15,66.2],[-17.12,66.21],[-17.06,66.2],[-16.97,66.17],[-16.93,66.14],[-16.84,66.13],[-16.75,66.13],[-16.62,66.17],[-16.49,66.2],[-16.44,66.25],[-16.43,66.28],[-16.54,66.45],[-16.49,66.48],[-16.25,66.52],[-16.04,66.53],[-15.99,66.51],[-15.85,66.43],[-15.76,66.39],[-15.71,66.36],[-15.7,66.29],[-15.65,66.26],[-15.54,66.23]]],[[[6.33,53.51],[6.19,53.48],[6.16,53.48],[6.17,53.49],[6.29,53.51],[6.33,53.51]]],[[[5.93,53.46],[5.73,53.44],[5.67,53.45],[5.65,53.47],[5.71,53.47],[5.88,53.48],[5.93,53.46]]],[[[5.11,53.31],[4.92,53.23],[4.91,53.25],[5.03,53.31],[5.11,53.31]]],[[[5.33,53.39],[5.23,53.38],[5.19,53.39],[5.42,53.43],[5.56,53.44],[5.58,53.44],[5.33,53.39]]],[[[-2.51,49.49],[-2.55,49.43],[-2.64,49.45],[-2.65,49.47],[-2.54,49.51],[-2.52,49.51],[-2.51,49.49]]],[[[-2.02,49.23],[-2.01,49.18],[-2.05,49.17],[-2.09,49.19],[-2.17,49.19],[-2.24,49.18],[-2.22,49.27],[-2.08,49.26],[-2.02,49.23]]],[[[18.42,59.03],[18.37,59.02],[18.35,59.02],[18.38,59.07],[18.4,59.09],[18.46,59.11],[18.49,59.1],[18.42,59.03]]],[[[18.6,59.47],[18.57,59.44],[18.55,59.48],[18.56,59.49],[18.57,59.53],[18.62,59.55],[18.7,59.53],[18.7,59.52],[18.62,59.49],[18.6,59.47]]],[[[-60.96,45.49],[-61.0,45.48],[-61.01,45.5],[-61.08,45.54],[-61.08,45.56],[-61.03,45.58],[-60.91,45.57],[-60.95,45.52],[-60.96,45.49]]],[[[-61.91,47.28],[-61.88,47.27],[-61.82,47.27],[-61.77,47.26],[-61.83,47.22],[-61.95,47.22],[-62.01,47.23],[-61.92,47.43],[-61.83,47.47],[-61.63,47.59],[-61.55,47.63],[-61.47,47.65],[-61.4,47.64],[-61.48,47.56],[-61.58,47.56],[-61.68,47.5],[-61.75,47.43],[-61.83,47.39],[-61.89,47.34],[-61.91,47.28]]],[[[-64.51,47.89],[-64.53,47.81],[-64.62,47.75],[-64.66,47.75],[-64.68,47.75],[-64.66,47.79],[-64.66,47.86],[-64.59,47.87],[-64.56,47.87],[-64.51,47.89]]],[[[-64.48,47.96],[-64.59,47.91],[-64.54,47.98],[-64.52,48.01],[-64.5,48.01],[-64.48,48.01],[-64.48,47.96]]],[[[22.92,58.83],[22.84,58.78],[22.79,58.8],[22.77,58.82],[22.66,58.71],[22.54,58.69],[22.47,58.71],[22.48,58.75],[22.41,58.86],[22.31,58.9],[22.16,58.9],[22.06,58.94],[22.46,58.97],[22.5,59.03],[22.59,59.08],[22.65,59.09],[22.7,59.07],[22.71,59.03],[22.73,59.02],[22.91,58.99],[22.98,58.92],[23.01,58.83],[22.92,58.83]]],[[[23.34,58.55],[23.26,58.54],[23.06,58.61],[23.11,58.66],[23.17,58.68],[23.33,58.65],[23.36,58.58],[23.34,58.55]]],[[[26.88,78.65],[26.73,78.65],[26.46,78.72],[26.41,78.78],[26.46,78.81],[26.59,78.81],[26.79,78.72],[27.01,78.7],[26.88,78.65]]],[[[29.05,78.91],[29.35,78.91],[29.65,78.92],[29.7,78.9],[29.31,78.85],[28.88,78.88],[28.49,78.89],[28.04,78.83],[27.89,78.85],[28.12,78.91],[28.37,78.93],[28.41,78.96],[28.51,78.97],[28.85,78.97],[29.05,78.91]]],[[[18.74,80.3],[18.52,80.25],[18.16,80.29],[18.21,80.33],[18.29,80.36],[18.52,80.35],[18.74,80.3]]],[[[11.25,78.61],[11.26,78.54],[11.42,78.55],[11.62,78.48],[11.83,78.44],[11.88,78.41],[11.93,78.37],[12.06,78.31],[12.12,78.23],[11.97,78.22],[11.76,78.33],[11.59,78.39],[11.37,78.44],[11.2,78.44],[11.12,78.46],[10.84,78.64],[10.79,78.69],[10.63,78.75],[10.56,78.84],[10.56,78.9],[10.77,78.89],[10.96,78.85],[11.12,78.75],[11.15,78.72],[11.08,78.69],[11.15,78.64],[11.25,78.61]]],[[[19.22,74.39],[19.1,74.35],[18.92,74.41],[18.8,74.49],[18.86,74.51],[19.18,74.52],[19.26,74.48],[19.27,74.46],[19.22,74.39]]],[[[-8.95,70.84],[-9.05,70.83],[-9.1,70.85],[-8.96,70.92],[-8.52,71.03],[-8.34,71.14],[-8.0,71.18],[-7.98,71.12],[-8.0,71.04],[-8.3,70.98],[-8.64,70.94],[-8.95,70.84]]],[[[-4.41,54.19],[-4.61,54.06],[-4.7,54.08],[-4.77,54.07],[-4.79,54.07],[-4.75,54.12],[-4.7,54.22],[-4.61,54.27],[-4.51,54.38],[-4.42,54.41],[-4.4,54.4],[-4.38,54.39],[-4.34,54.27],[-4.39,54.23],[-4.41,54.19]]],[[[-6.61,56.59],[-6.66,56.58],[-6.67,56.59],[-6.57,56.66],[-6.51,56.67],[-6.48,56.67],[-6.53,56.63],[-6.61,56.59]]],[[[-5.11,55.45],[-5.23,55.45],[-5.28,55.46],[-5.33,55.48],[-5.39,55.62],[-5.37,55.67],[-5.35,55.69],[-5.32,55.71],[-5.25,55.72],[-5.19,55.69],[-5.16,55.67],[-5.1,55.57],[-5.09,55.49],[-5.11,55.45]]],[[[-5.78,56.34],[-6.18,56.29],[-6.31,56.29],[-6.33,56.32],[-6.3,56.34],[-6.18,56.36],[-6.14,56.49],[-6.31,56.55],[-6.32,56.57],[-6.31,56.6],[-6.29,56.61],[-6.18,56.64],[-6.14,56.65],[-6.1,56.65],[-6.03,56.61],[-5.95,56.53],[-5.84,56.52],[-5.76,56.49],[-5.78,56.34]]],[[[-6.13,55.93],[-6.09,55.8],[-6.06,55.72],[-6.06,55.7],[-6.09,55.66],[-6.25,55.61],[-6.31,55.61],[-6.31,55.62],[-6.27,55.67],[-6.3,55.73],[-6.29,55.77],[-6.3,55.78],[-6.33,55.77],[-6.45,55.7],[-6.49,55.7],[-6.5,55.71],[-6.47,55.77],[-6.46,55.81],[-6.45,55.83],[-6.41,55.85],[-6.37,55.87],[-6.34,55.87],[-6.31,55.86],[-6.22,55.9],[-6.13,55.93]]],[[[-5.97,55.81],[-5.99,55.8],[-6.04,55.81],[-6.06,55.82],[-6.07,55.85],[-6.07,55.89],[-6.04,55.93],[-5.91,55.97],[-5.97,55.99],[-5.97,56.0],[-5.94,56.05],[-5.8,56.11],[-5.76,56.12],[-5.73,56.12],[-5.8,56.01],[-5.97,55.81]]],[[[-1.04,60.51],[-1.07,60.5],[-1.17,60.6],[-1.09,60.72],[-1.01,60.72],[-0.99,60.69],[-1.0,60.66],[-1.05,60.66],[-1.05,60.65],[-1.04,60.59],[-1.03,60.53],[-1.04,60.51]]],[[[-1.31,60.54],[-1.29,60.47],[-1.24,60.49],[-1.16,60.42],[-1.12,60.42],[-1.05,60.44],[-1.07,60.38],[-1.13,60.21],[-1.15,60.18],[-1.17,60.12],[-1.18,60.11],[-1.2,60.01],[-1.25,59.97],[-1.28,59.89],[-1.3,59.88],[-1.36,59.91],[-1.3,60.04],[-1.28,60.11],[-1.29,60.15],[-1.32,60.19],[-1.41,60.19],[-1.48,60.17],[-1.5,60.19],[-1.5,60.22],[-1.52,60.23],[-1.61,60.23],[-1.64,60.24],[-1.66,60.26],[-1.66,60.28],[-1.58,60.3],[-1.49,60.29],[-1.37,60.33],[-1.45,60.47],[-1.55,60.48],[-1.57,60.49],[-1.55,60.52],[-1.5,60.53],[-1.41,60.6],[-1.36,60.61],[-1.3,60.61],[-1.31,60.54]]],[[[-0.77,60.81],[-0.77,60.8],[-0.83,60.72],[-0.83,60.68],[-0.91,60.69],[-0.92,60.7],[-0.94,60.75],[-0.93,60.8],[-0.92,60.81],[-0.89,60.82],[-0.86,60.81],[-0.82,60.83],[-0.8,60.83],[-0.77,60.81]]],[[[-3.16,58.79],[-3.22,58.78],[-3.28,58.78],[-3.37,58.84],[-3.4,58.88],[-3.39,58.91],[-3.36,58.92],[-3.27,58.91],[-3.23,58.86],[-3.22,58.83],[-3.21,58.81],[-3.16,58.8],[-3.16,58.79]]],[[[-4.2,53.32],[-4.15,53.3],[-4.05,53.31],[-4.08,53.26],[-4.2,53.22],[-4.28,53.17],[-4.37,53.13],[-4.42,53.18],[-4.47,53.18],[-4.55,53.26],[-4.57,53.39],[-4.46,53.42],[-4.32,53.42],[-4.2,53.32]]],[[[-2.55,59.23],[-2.66,59.23],[-2.6,59.29],[-2.54,59.3],[-2.41,59.3],[-2.43,59.27],[-2.55,59.23]]],[[[-2.93,58.74],[-2.94,58.74],[-2.98,58.76],[-3.04,58.82],[-2.94,58.84],[-2.9,58.83],[-2.91,58.8],[-2.93,58.74]]],[[[-3.06,59.03],[-3.07,59.0],[-2.99,59.01],[-2.88,58.98],[-2.82,58.98],[-2.76,58.96],[-2.79,58.91],[-2.83,58.89],[-2.86,58.89],[-2.99,58.94],[-3.17,58.92],[-3.2,58.93],[-3.22,58.94],[-3.23,58.96],[-3.23,58.99],[-3.24,59.0],[-3.3,58.97],[-3.33,58.97],[-3.35,58.99],[-3.35,59.02],[-3.35,59.06],[-3.31,59.13],[-3.25,59.14],[-3.16,59.14],[-3.05,59.1],[-3.02,59.08],[-3.02,59.06],[-3.06,59.03]]],[[[-6.62,61.81],[-6.64,61.77],[-6.67,61.77],[-6.76,61.82],[-6.84,61.84],[-6.86,61.86],[-6.88,61.9],[-6.84,61.9],[-6.79,61.9],[-6.66,61.86],[-6.63,61.83],[-6.62,61.81]]],[[[-6.7,61.44],[-6.68,61.41],[-6.7,61.42],[-6.77,61.45],[-6.89,61.53],[-6.93,61.6],[-6.93,61.63],[-6.91,61.63],[-6.88,61.6],[-6.77,61.58],[-6.74,61.57],[-6.74,61.54],[-6.7,61.5],[-6.7,61.44]]],[[[-7.19,62.14],[-7.1,62.1],[-7.07,62.07],[-7.12,62.05],[-7.18,62.04],[-7.25,62.05],[-7.38,62.07],[-7.42,62.14],[-7.34,62.14],[-7.24,62.15],[-7.19,62.14]]],[[[-6.63,62.23],[-6.66,62.09],[-6.7,62.09],[-6.77,62.13],[-6.82,62.14],[-6.84,62.12],[-6.84,62.1],[-6.81,62.08],[-6.72,61.99],[-6.71,61.96],[-6.73,61.95],[-6.81,61.98],[-7.01,62.09],[-7.17,62.29],[-6.96,62.32],[-6.8,62.27],[-6.63,62.23]]],[[[-2.73,59.19],[-2.82,59.16],[-2.85,59.18],[-2.86,59.25],[-2.96,59.27],[-3.01,59.29],[-3.05,59.32],[-3.04,59.33],[-2.98,59.35],[-2.86,59.29],[-2.82,59.24],[-2.73,59.23],[-2.72,59.22],[-2.73,59.19]]],[[[-6.41,62.26],[-6.45,62.19],[-6.52,62.2],[-6.54,62.21],[-6.56,62.22],[-6.55,62.28],[-6.55,62.36],[-6.47,62.29],[-6.41,62.26]]],[[[-6.2,58.36],[-6.33,58.19],[-6.38,58.18],[-6.42,58.14],[-6.55,58.09],[-6.44,58.09],[-6.4,58.08],[-6.4,58.04],[-6.43,58.02],[-6.58,57.94],[-6.68,57.91],[-6.8,57.83],[-6.85,57.83],[-6.91,57.77],[-6.96,57.75],[-6.98,57.75],[-7.01,57.76],[-7.08,57.81],[-6.96,57.86],[-6.94,57.89],[-6.86,57.92],[-6.86,57.93],[-7.0,57.97],[-7.06,58.0],[-7.05,58.02],[-6.99,58.05],[-7.02,58.05],[-7.04,58.07],[-7.08,58.08],[-7.09,58.1],[-7.1,58.14],[-7.09,58.18],[-7.04,58.2],[-7.03,58.22],[-7.01,58.23],[-6.95,58.22],[-6.89,58.18],[-6.81,58.2],[-6.73,58.19],[-6.72,58.2],[-6.79,58.28],[-6.78,58.3],[-6.74,58.32],[-6.54,58.38],[-6.3,58.49],[-6.24,58.5],[-6.22,58.49],[-6.19,58.44],[-6.2,58.36]]],[[[-6.28,56.96],[-6.31,56.95],[-6.35,56.95],[-6.38,56.97],[-6.43,57.02],[-6.32,57.05],[-6.28,57.03],[-6.26,57.01],[-6.26,56.99],[-6.28,56.96]]],[[[-6.14,57.5],[-6.15,57.46],[-6.16,57.41],[-6.14,57.35],[-6.14,57.31],[-6.09,57.3],[-6.07,57.28],[-5.88,57.26],[-5.71,57.27],[-5.67,57.25],[-5.67,57.23],[-5.7,57.2],[-5.8,57.15],[-5.91,57.06],[-5.95,57.05],[-5.99,57.04],[-6.01,57.05],[-6.03,57.2],[-6.16,57.18],[-6.27,57.18],[-6.32,57.2],[-6.36,57.24],[-6.44,57.33],[-6.68,57.36],[-6.74,57.41],[-6.76,57.44],[-6.75,57.46],[-6.7,57.5],[-6.64,57.48],[-6.61,57.49],[-6.58,57.51],[-6.58,57.52],[-6.62,57.55],[-6.62,57.56],[-6.38,57.6],[-6.36,57.67],[-6.31,57.67],[-6.25,57.65],[-6.17,57.59],[-6.14,57.5]]],[[[-7.21,57.68],[-7.09,57.63],[-7.18,57.53],[-7.32,57.53],[-7.51,57.6],[-7.52,57.62],[-7.5,57.64],[-7.47,57.65],[-7.44,57.66],[-7.39,57.65],[-7.32,57.66],[-7.27,57.66],[-7.21,57.68]]],[[[-7.25,57.12],[-7.29,57.11],[-7.35,57.12],[-7.38,57.13],[-7.42,57.19],[-7.42,57.23],[-7.41,57.3],[-7.41,57.38],[-7.3,57.38],[-7.27,57.37],[-7.25,57.13],[-7.25,57.12]]],[[[-9.95,53.91],[-9.95,53.88],[-10.03,53.92],[-10.06,53.96],[-10.27,53.98],[-10.18,54.02],[-10.14,54.01],[-10.0,54.0],[-9.96,53.99],[-9.95,53.91]]],[[[-7.42,56.97],[-7.5,56.95],[-7.54,56.96],[-7.54,56.97],[-7.52,57.01],[-7.46,57.02],[-7.41,57.0],[-7.4,56.98],[-7.42,56.97]]],[[[21.99,60.34],[21.92,60.33],[21.82,60.38],[21.81,60.4],[21.85,60.41],[21.82,60.45],[21.83,60.47],[21.91,60.44],[21.95,60.4],[21.91,60.39],[21.98,60.36],[21.99,60.34]]],[[[19.66,60.19],[19.67,60.16],[19.63,60.17],[19.6,60.16],[19.58,60.14],[19.54,60.14],[19.52,60.18],[19.55,60.24],[19.63,60.25],[19.66,60.19]]],[[[19.99,60.35],[20.02,60.35],[20.03,60.36],[20.09,60.35],[20.17,60.31],[20.18,60.29],[20.24,60.28],[20.26,60.26],[20.19,60.19],[20.16,60.19],[20.13,60.2],[20.07,60.19],[20.04,60.18],[20.03,60.15],[20.03,60.09],[19.8,60.08],[19.75,60.1],[19.67,60.23],[19.69,60.27],[19.74,60.28],[19.78,60.29],[19.79,60.21],[19.85,60.22],[19.87,60.27],[19.87,60.3],[19.85,60.32],[19.81,60.33],[19.79,60.35],[19.82,60.39],[19.89,60.41],[19.94,60.36],[19.99,60.35]]],[[[21.22,63.24],[21.23,63.22],[21.29,63.23],[21.37,63.26],[21.42,63.25],[21.42,63.2],[21.38,63.2],[21.37,63.21],[21.32,63.18],[21.31,63.16],[21.25,63.15],[21.15,63.2],[21.08,63.28],[21.24,63.28],[21.22,63.26],[21.22,63.24]]],[[[19.16,57.92],[19.14,57.86],[19.09,57.86],[19.04,57.91],[19.13,57.98],[19.28,57.98],[19.33,57.96],[19.16,57.92]]],[[[16.53,56.29],[16.48,56.24],[16.43,56.24],[16.4,56.31],[16.39,56.48],[16.41,56.57],[16.63,56.88],[16.73,56.9],[16.86,57.09],[16.9,57.17],[16.96,57.25],[17.0,57.32],[17.03,57.35],[17.09,57.33],[17.12,57.32],[17.05,57.28],[17.06,57.23],[17.05,57.21],[16.88,56.99],[16.84,56.84],[16.78,56.81],[16.53,56.29]]],[[[15.09,55.02],[15.05,55.0],[14.89,55.03],[14.68,55.1],[14.71,55.24],[14.77,55.3],[15.13,55.14],[15.14,55.09],[15.09,55.02]]],[[[13.71,54.38],[13.73,54.32],[13.71,54.28],[13.59,54.34],[13.48,54.34],[13.41,54.25],[13.36,54.25],[13.19,54.33],[13.16,54.36],[13.16,54.4],[13.18,54.51],[13.18,54.54],[13.23,54.58],[13.24,54.64],[13.34,54.7],[13.42,54.7],[13.45,54.65],[13.49,54.62],[13.64,54.58],[13.66,54.56],[13.67,54.54],[13.6,54.49],[13.58,54.46],[13.6,54.43],[13.71,54.38]]],[[[12.55,54.97],[12.51,54.95],[12.36,54.96],[12.18,54.89],[12.12,54.91],[12.14,54.96],[12.16,54.97],[12.22,54.99],[12.26,55.02],[12.27,55.06],[12.31,55.04],[12.42,55.03],[12.47,55.02],[12.51,55.0],[12.55,54.97]]],[[[12.67,55.6],[12.57,55.55],[12.55,55.56],[12.52,55.61],[12.57,55.65],[12.6,55.68],[12.62,55.68],[12.65,55.65],[12.67,55.6]]],[[[11.36,54.89],[11.54,54.83],[11.66,54.83],[11.74,54.81],[11.76,54.77],[11.77,54.68],[11.68,54.65],[11.59,54.66],[11.46,54.63],[11.04,54.77],[11.04,54.89],[11.06,54.94],[11.26,54.95],[11.36,54.89]]],[[[10.48,54.85],[10.42,54.84],[10.34,54.86],[10.22,54.94],[10.2,54.96],[10.27,54.95],[10.35,54.91],[10.41,54.9],[10.5,54.86],[10.48,54.85]]],[[[10.06,54.89],[9.96,54.87],[9.9,54.9],[9.81,54.91],[9.77,55.06],[9.78,55.07],[9.83,55.06],[10.0,54.99],[10.06,54.91],[10.06,54.89]]],[[[10.73,54.75],[10.69,54.75],[10.63,54.83],[10.62,54.85],[10.69,54.9],[10.74,54.96],[10.86,55.05],[10.93,55.16],[10.95,55.16],[10.92,55.06],[10.77,54.8],[10.73,54.75]]],[[[10.61,55.78],[10.59,55.77],[10.53,55.78],[10.52,55.85],[10.54,55.91],[10.52,55.96],[10.55,55.99],[10.64,55.91],[10.66,55.88],[10.63,55.83],[10.61,55.78]]],[[[11.28,54.42],[11.13,54.42],[11.07,54.46],[11.01,54.47],[11.04,54.52],[11.08,54.53],[11.23,54.5],[11.28,54.44],[11.28,54.42]]],[[[11.05,57.25],[11.01,57.23],[10.87,57.26],[10.93,57.31],[11.09,57.33],[11.17,57.32],[11.08,57.28],[11.05,57.25]]],[[[8.31,54.79],[8.28,54.77],[8.3,54.91],[8.41,55.06],[8.45,55.06],[8.4,55.01],[8.39,54.99],[8.37,54.93],[8.38,54.9],[8.63,54.89],[8.6,54.87],[8.35,54.85],[8.31,54.79]]],[[[-1.18,45.9],[-1.21,45.82],[-1.28,45.9],[-1.37,45.97],[-1.39,46.03],[-1.39,46.05],[-1.29,46.0],[-1.18,45.9]]],[[[-1.07,50.69],[-1.15,50.66],[-1.18,50.62],[-1.2,50.6],[-1.25,50.59],[-1.31,50.59],[-1.52,50.67],[-1.56,50.67],[-1.52,50.7],[-1.39,50.73],[-1.31,50.77],[-1.14,50.73],[-1.07,50.69]]],[[[4.89,53.07],[4.79,53.0],[4.73,53.02],[4.71,53.04],[4.74,53.09],[4.89,53.18],[4.89,53.07]]],[[[14.63,45.0],[14.61,45.03],[14.51,45.04],[14.45,45.08],[14.44,45.1],[14.52,45.15],[14.57,45.22],[14.63,45.18],[14.7,45.09],[14.74,45.07],[14.79,45.0]]],[[[14.34,45.0],[14.34,45.02],[14.29,45.14],[14.33,45.16],[14.36,45.17],[14.37,45.08],[14.39,45.03],[14.43,45.0]]],[[[3.95,51.74],[4.05,51.68],[4.07,51.67],[4.08,51.65],[3.95,51.63],[3.82,51.69],[3.73,51.68],[3.7,51.71],[3.7,51.73],[3.79,51.75],[3.95,51.74]]],[[[-51.01,69.55],[-51.17,69.52],[-51.2,69.53],[-51.23,69.55],[-51.31,69.67],[-51.34,69.73],[-51.32,69.8],[-51.35,69.85],[-51.21,69.91],[-51.09,69.92],[-50.94,69.91],[-50.68,69.85],[-50.7,69.83],[-50.75,69.8],[-50.91,69.76],[-50.97,69.66],[-50.98,69.62],[-50.97,69.58],[-51.01,69.55]]],[[[-37.03,65.53],[-37.19,65.53],[-37.24,65.61],[-37.22,65.7],[-37.05,65.72],[-36.95,65.66],[-36.99,65.58],[-37.03,65.53]]],[[[-53.54,71.04],[-53.63,71.03],[-53.9,71.09],[-53.94,71.1],[-53.96,71.13],[-53.95,71.16],[-53.86,71.21],[-53.7,71.28],[-53.58,71.3],[-53.51,71.25],[-53.44,71.19],[-53.43,71.15],[-53.44,71.12],[-53.46,71.08],[-53.49,71.06],[-53.54,71.04]]],[[[-55.02,72.79],[-55.16,72.72],[-55.27,72.68],[-55.52,72.57],[-55.57,72.56],[-55.63,72.58],[-55.69,72.61],[-55.78,72.62],[-55.81,72.64],[-55.83,72.65],[-55.87,72.66],[-55.94,72.67],[-56.04,72.66],[-56.14,72.67],[-56.21,72.72],[-56.08,72.75],[-55.99,72.78],[-55.67,72.79],[-55.57,72.78],[-55.52,72.78],[-55.43,72.79],[-55.23,72.82],[-55.21,72.84],[-55.03,72.82],[-55.02,72.79]]],[[[-51.68,70.86],[-51.81,70.85],[-52.12,70.87],[-52.14,70.88],[-52.15,70.9],[-52.11,70.97],[-51.97,70.98],[-51.81,70.94],[-51.63,70.89],[-51.61,70.87],[-51.68,70.86]]],[[[-46.27,60.78],[-46.38,60.66],[-46.5,60.69],[-46.55,60.74],[-46.67,60.77],[-46.79,60.76],[-46.79,60.78],[-46.39,60.91],[-46.21,60.94],[-46.22,60.89],[-46.25,60.84],[-46.27,60.78]]],[[[8.59,54.71],[8.55,54.69],[8.45,54.69],[8.4,54.71],[8.42,54.74],[8.47,54.76],[8.51,54.76],[8.57,54.75],[8.59,54.71]]],[[[6.73,53.58],[6.64,53.58],[6.67,53.61],[6.75,53.63],[6.8,53.63],[6.73,53.58]]],[[[-65.0,68.04],[-64.98,68.04],[-64.92,68.03],[-64.84,67.99],[-64.86,67.97],[-64.96,67.94],[-65.0,67.91],[-65.0,67.79],[-64.83,67.78],[-64.64,67.84],[-64.53,67.81],[-64.4,67.74],[-64.16,67.62],[-64.02,67.65],[-63.85,67.57],[-64.08,67.5],[-64.01,67.35],[-64.3,67.35],[-64.47,67.34],[-64.58,67.36],[-64.7,67.35],[-64.59,67.32],[-64.38,67.3],[-64.36,67.26],[-64.19,67.26],[-64.06,67.27],[-63.84,67.26],[-63.82,67.32],[-63.68,67.35],[-63.59,67.38],[-63.52,67.36],[-63.32,67.34],[-63.04,67.24],[-63.16,67.17],[-63.19,67.12],[-63.24,67.07],[-63.26,67.02],[-63.31,66.99],[-63.7,66.82],[-63.64,66.82],[-63.47,66.86],[-63.14,66.92],[-62.96,66.95],[-62.83,66.93],[-62.77,66.93],[-62.71,66.95],[-62.6,66.93],[-62.38,66.91],[-62.12,67.05],[-61.97,67.02],[-61.82,66.93],[-61.51,66.78],[-61.35,66.69],[-61.3,66.65],[-61.31,66.61],[-61.45,66.57],[-61.53,66.56],[-61.72,66.64],[-61.9,66.68],[-62.01,66.67],[-62.12,66.64],[-62.09,66.63],[-61.65,66.5],[-61.58,66.41],[-61.57,66.37],[-61.86,66.31],[-61.96,66.31],[-62.16,66.34],[-62.28,66.39],[-62.37,66.41],[-62.51,66.42],[-62.55,66.41],[-62.41,66.32],[-62.42,66.29],[-62.5,66.27],[-62.53,66.23],[-62.24,66.15],[-62.02,66.07],[-61.99,66.04],[-62.14,66.01],[-62.24,66.01],[-62.47,66.02],[-62.59,66.03],[-62.62,66.02],[-62.5,65.97],[-62.45,65.95],[-62.41,65.91],[-62.39,65.87],[-62.38,65.83],[-62.49,65.8],[-62.61,65.72],[-62.66,65.64],[-62.77,65.63],[-62.82,65.65],[-62.97,65.62],[-63.17,65.66],[-63.24,65.7],[-63.46,65.85],[-63.46,65.84],[-63.41,65.76],[-63.42,65.71],[-63.65,65.67],[-63.65,65.66],[-63.51,65.64],[-63.34,65.62],[-63.36,65.54],[-63.36,65.23],[-63.4,65.12],[-63.49,65.02],[-63.61,64.93],[-63.74,64.99],[-63.79,65.05],[-63.83,65.08],[-63.9,65.11],[-63.98,65.12],[-64.06,65.12],[-64.15,65.07],[-64.25,65.11],[-64.35,65.17],[-64.31,65.32],[-64.27,65.4],[-64.29,65.4],[-64.34,65.36],[-64.47,65.25],[-64.56,65.12],[-64.67,65.17],[-64.76,65.23],[-64.85,65.3],[-64.98,65.38],[-65.0,65.39],[-65.0,65.99],[-64.85,66.02],[-64.77,66.08],[-64.67,66.19],[-64.56,66.27],[-64.45,66.32],[-64.5,66.33],[-64.66,66.29],[-64.76,66.23],[-64.89,66.14],[-65.0,66.08],[-65.0,64.01],[-64.91,64.03],[-64.79,64.03],[-64.68,64.03],[-64.67,64.01],[-64.69,63.96],[-64.8,63.92],[-64.77,63.91],[-64.64,63.92],[-64.58,63.9],[-64.5,63.79],[-64.41,63.71],[-64.48,63.69],[-64.56,63.68],[-64.55,63.57],[-64.5,63.46],[-64.5,63.36],[-64.51,63.26],[-64.59,63.24],[-64.66,63.25],[-64.7,63.27],[-64.89,63.55],[-64.93,63.6],[-64.99,63.64],[-65.0,63.65],[-65.0,63.2],[-64.89,63.13],[-64.82,63.06],[-64.77,62.99],[-64.72,62.95],[-64.67,62.92],[-64.68,62.9],[-64.75,62.89],[-64.87,62.88],[-64.92,62.89],[-65.0,62.91]]],[[[-65.0,82.9],[-64.98,82.9],[-64.9,82.9],[-64.78,82.88],[-64.63,82.82],[-64.5,82.78],[-64.43,82.78],[-64.13,82.82],[-63.98,82.83],[-63.64,82.81],[-63.5,82.79],[-63.47,82.77],[-63.56,82.75],[-63.62,82.73],[-63.64,82.71],[-63.59,82.69],[-63.39,82.65],[-63.09,82.57],[-63.09,82.53],[-63.25,82.47],[-63.25,82.45],[-62.48,82.52],[-61.7,82.49],[-61.48,82.47],[-61.39,82.44],[-61.3,82.4],[-61.21,82.34],[-61.27,82.28],[-61.62,82.18],[-61.97,82.11],[-62.18,82.04],[-62.5,82.01],[-63.59,81.85],[-64.13,81.79],[-64.44,81.74],[-64.57,81.73],[-65.0,81.74],[-65.0,81.5],[-64.78,81.49],[-64.83,81.44],[-65.0,81.4]]],[[[-65.0,60.16],[-64.93,60.25],[-64.89,60.29],[-64.85,60.31],[-64.82,60.33],[-64.71,60.34],[-64.5,60.27],[-64.44,60.23],[-64.42,60.17],[-64.53,60.09],[-64.71,60.04],[-64.77,60.01],[-64.73,60.0],[-64.56,60.04],[-64.41,60.06],[-64.28,60.06],[-64.18,59.97],[-64.17,59.85],[-64.23,59.74],[-64.15,59.79],[-64.06,59.82],[-63.98,59.75],[-63.97,59.7],[-63.93,59.64],[-63.84,59.57],[-63.75,59.51],[-63.85,59.45],[-63.97,59.41],[-63.95,59.38],[-63.78,59.35],[-63.76,59.32],[-63.78,59.28],[-63.75,59.28],[-63.64,59.34],[-63.54,59.33],[-63.42,59.19],[-63.51,59.12],[-63.65,59.08],[-63.76,59.06],[-63.91,59.07],[-63.97,59.05],[-63.94,59.03],[-63.79,59.03],[-63.57,59.05],[-63.4,59.08],[-63.33,59.08],[-63.25,59.07],[-63.22,59.06],[-63.3,59.03],[-63.31,59.03],[-63.28,59.0],[-63.22,58.93],[-63.22,58.91],[-63.28,58.87],[-63.19,58.86],[-63.05,58.88],[-63.01,58.86],[-62.93,58.77],[-62.87,58.67],[-63.1,58.55],[-63.22,58.52],[-63.39,58.45],[-63.44,58.4],[-63.54,58.33],[-63.47,58.33],[-63.3,58.44],[-63.21,58.47],[-63.15,58.46],[-63.12,58.44],[-63.13,58.41],[-63.08,58.41],[-62.84,58.48],[-62.74,58.49],[-62.61,58.5],[-62.59,58.47],[-62.67,58.32],[-62.81,58.2],[-63.06,58.13],[-63.15,58.08],[-63.26,58.01],[-63.22,58.0],[-62.98,58.09],[-62.82,58.13],[-62.59,58.16],[-62.49,58.15],[-62.31,57.97],[-62.2,57.95],[-62.12,57.96],[-61.96,57.91],[-61.9,57.86],[-61.91,57.83],[-61.97,57.8],[-61.99,57.77],[-61.93,57.67],[-61.97,57.61],[-62.08,57.56],[-62.17,57.54],[-62.25,57.53],[-62.34,57.48],[-62.38,57.48],[-62.5,57.49],[-62.45,57.46],[-62.4,57.45],[-62.3,57.44],[-62.19,57.45],[-62.09,57.45],[-61.92,57.42],[-61.85,57.38],[-61.85,57.37],[-61.89,57.35],[-61.94,57.27],[-61.98,57.25],[-61.94,57.23],[-61.86,57.2],[-61.8,57.19],[-61.72,57.2],[-61.63,57.18],[-61.33,57.01],[-61.35,56.92],[-61.39,56.85],[-61.37,56.78],[-61.37,56.68],[-61.53,56.65],[-62.06,56.7],[-62.37,56.77],[-62.38,56.79],[-62.3,56.83],[-62.37,56.84],[-62.46,56.82],[-62.5,56.8],[-62.4,56.73],[-62.12,56.67],[-61.99,56.59],[-61.85,56.58],[-61.81,56.57],[-61.74,56.53],[-61.76,56.51],[-61.9,56.51],[-62.01,56.45],[-61.94,56.42],[-61.69,56.4],[-61.51,56.39],[-61.43,56.36],[-61.5,56.33],[-61.71,56.29],[-61.71,56.23],[-61.56,56.21],[-61.42,56.22],[-61.36,56.22],[-61.32,56.08],[-61.3,56.05],[-61.45,56.02],[-61.45,56.0],[-61.35,55.97],[-61.19,55.96],[-61.13,55.93],[-61.12,55.89],[-61.09,55.87],[-61.0,55.86],[-60.89,55.91],[-60.83,55.96],[-60.74,55.94],[-60.74,55.89],[-60.63,55.83],[-60.59,55.81],[-60.56,55.73],[-60.48,55.81],[-60.41,55.79],[-60.34,55.78],[-60.37,55.71],[-60.41,55.65],[-60.35,55.61],[-60.31,55.56],[-60.19,55.48],[-60.22,55.44],[-60.36,55.37],[-60.43,55.24],[-60.45,55.2],[-60.52,55.13],[-60.62,55.06],[-60.56,55.07],[-60.34,55.19],[-60.21,55.24],[-59.93,55.26],[-59.86,55.29],[-59.76,55.31],[-59.7,55.27],[-59.69,55.2],[-59.61,55.17],[-59.52,55.2],[-59.44,55.18],[-59.49,55.13],[-59.74,54.94],[-59.82,54.87],[-59.84,54.81],[-59.75,54.89],[-59.43,55.06],[-59.39,55.08],[-59.32,55.15],[-59.26,55.2],[-59.09,55.18],[-59.0,55.15],[-58.96,55.06],[-58.89,54.95],[-58.78,54.84],[-58.5,54.78],[-58.4,54.77],[-58.22,54.81],[-58.2,54.87],[-58.06,54.88],[-57.96,54.88],[-57.93,54.77],[-57.83,54.72],[-57.72,54.67],[-57.63,54.65],[-57.48,54.64],[-57.4,54.59],[-57.4,54.57],[-57.49,54.52],[-57.56,54.44],[-57.7,54.39],[-57.89,54.38],[-58.15,54.35],[-58.16,54.32],[-58.22,54.29],[-58.36,54.25],[-58.44,54.23],[-58.56,54.1],[-58.63,54.05],[-58.72,54.04],[-58.84,54.04],[-58.92,54.03],[-58.98,54.01],[-59.01,53.98],[-59.04,53.96],[-59.2,53.93],[-59.5,53.83],[-59.65,53.83],[-59.75,53.84],[-59.82,53.83],[-59.87,53.81],[-60.01,53.76],[-60.06,53.73],[-60.08,53.7],[-60.1,53.63],[-60.12,53.61],[-60.14,53.6],[-60.26,53.61],[-60.4,53.65],[-60.37,53.61],[-60.16,53.53],[-60.1,53.49],[-60.16,53.45],[-60.29,53.39],[-60.31,53.36],[-60.25,53.34],[-60.27,53.32],[-60.35,53.29],[-60.34,53.28],[-60.33,53.27],[-60.15,53.31],[-59.99,53.39],[-59.88,53.48],[-59.83,53.5],[-59.62,53.54],[-59.5,53.57],[-59.32,53.64],[-59.13,53.74],[-58.92,53.88],[-58.65,53.98],[-58.33,54.05],[-58.09,54.09],[-57.94,54.09],[-57.93,54.1],[-58.06,54.13],[-58.18,54.13],[-58.32,54.11],[-58.36,54.15],[-58.36,54.17],[-58.31,54.2],[-58.19,54.23],[-57.61,54.19],[-57.42,54.16],[-57.2,53.92],[-57.15,53.85],[-57.13,53.79],[-57.16,53.76],[-57.24,53.72],[-57.49,53.63],[-57.52,53.61],[-57.53,53.6],[-57.42,53.58],[-57.39,53.56],[-57.33,53.47],[-57.22,53.53],[-57.01,53.67],[-56.84,53.74],[-56.7,53.76],[-56.52,53.77],[-56.46,53.77],[-56.44,53.72],[-56.35,53.62],[-56.27,53.6],[-56.11,53.59],[-55.97,53.47],[-55.91,53.39],[-55.86,53.34],[-55.86,53.31],[-55.85,53.29],[-55.82,53.25],[-55.8,53.21],[-55.81,53.13],[-55.89,53.0],[-55.83,52.88],[-55.86,52.82],[-55.87,52.74],[-55.82,52.68],[-55.8,52.64],[-55.85,52.62],[-56.17,52.57],[-56.29,52.57],[-56.32,52.54],[-56.23,52.54],[-56.05,52.54],[-55.84,52.51],[-55.75,52.47],[-55.71,52.43],[-55.72,52.39],[-55.78,52.36],[-55.9,52.37],[-56.01,52.39],[-56.0,52.37],[-55.83,52.31],[-55.78,52.28],[-55.69,52.24],[-55.67,52.19],[-55.7,52.14],[-56.02,51.93],[-56.28,51.8],[-56.55,51.68],[-56.98,51.46],[-57.02,51.45],[-57.1,51.44],[-57.3,51.48],[-57.46,51.47],[-57.77,51.43],[-57.85,51.4],[-58.02,51.32],[-58.09,51.31],[-58.27,51.3],[-58.44,51.31],[-58.51,51.3],[-58.59,51.26],[-58.61,51.24],[-58.64,51.17],[-59.05,50.88],[-59.17,50.78],[-59.38,50.68],[-59.61,50.49],[-59.82,50.42],[-59.89,50.32],[-60.08,50.25],[-60.44,50.24],[-60.61,50.22],[-60.81,50.25],[-60.96,50.21],[-61.18,50.19],[-61.29,50.2],[-61.72,50.1],[-61.84,50.2],[-61.92,50.23],[-62.17,50.24],[-62.36,50.28],[-62.54,50.28],[-62.72,50.3],[-62.83,50.3],[-62.95,50.29],[-63.14,50.29],[-63.24,50.24],[-63.59,50.26],[-63.73,50.3],[-63.85,50.31],[-64.02,50.3],[-64.17,50.27],[-64.51,50.31],[-64.87,50.28],[-65.0,50.28],[-65.0,49.21],[-64.84,49.19],[-64.57,49.1],[-64.26,48.92],[-64.22,48.87],[-64.21,48.81],[-64.37,48.84],[-64.51,48.84],[-64.41,48.8],[-64.25,48.69],[-64.25,48.55],[-64.35,48.42],[-64.63,48.36],[-64.71,48.31],[-64.76,48.23],[-64.82,48.2],[-64.96,48.16],[-65.0,48.13],[-65.0,47.79],[-64.87,47.8],[-64.7,47.72],[-64.77,47.67],[-64.85,47.57],[-64.91,47.37],[-65.0,47.3],[-65.0,47.09],[-64.94,47.09],[-64.83,47.06],[-64.87,46.96],[-64.91,46.89],[-64.88,46.82],[-64.82,46.7],[-64.73,46.67],[-64.69,46.51],[-64.64,46.43],[-64.65,46.36],[-64.56,46.31],[-64.54,46.24],[-64.21,46.22],[-64.15,46.19],[-63.92,46.17],[-63.87,46.15],[-63.83,46.11],[-64.06,46.02],[-63.87,45.96],[-63.7,45.86],[-63.57,45.88],[-63.51,45.87],[-63.36,45.81],[-63.32,45.78],[-63.29,45.75],[-63.22,45.76],[-63.11,45.78],[-62.91,45.78],[-62.7,45.74],[-62.72,45.69],[-62.75,45.65],[-62.59,45.66],[-62.48,45.62],[-62.45,45.64],[-62.42,45.66],[-62.22,45.73],[-61.96,45.87],[-61.92,45.85],[-61.91,45.8],[-61.88,45.71],[-61.78,45.66],[-61.66,45.64],[-61.49,45.69],[-61.43,45.65],[-61.35,45.57],[-61.28,45.48],[-61.28,45.44],[-61.38,45.41],[-61.46,45.37],[-61.11,45.35],[-61.07,45.33],[-61.03,45.29],[-61.07,45.25],[-61.1,45.23],[-61.17,45.26],[-61.28,45.24],[-61.39,45.19],[-61.5,45.16],[-61.57,45.15],[-61.65,45.13],[-61.72,45.09],[-61.79,45.08],[-62.01,45.0],[-65.0,45.0],[-65.0,45.07],[-64.9,45.12],[-64.75,45.18],[-64.45,45.26],[-64.41,45.31],[-64.45,45.34],[-64.33,45.31],[-64.34,45.27],[-64.36,45.24],[-64.37,45.19],[-64.35,45.14],[-64.24,45.11],[-64.14,45.02],[-64.18,45.15],[-64.09,45.22],[-63.75,45.31],[-63.46,45.32],[-63.37,45.36],[-63.61,45.39],[-63.91,45.38],[-64.09,45.41],[-64.34,45.39],[-64.6,45.41],[-64.68,45.38],[-64.75,45.32],[-64.83,45.35],[-64.87,45.35],[-64.91,45.37],[-64.83,45.48],[-64.56,45.63],[-64.4,45.76],[-64.35,45.78],[-64.31,45.84],[-64.4,45.83],[-64.48,45.81],[-64.54,45.87],[-64.63,45.95],[-64.64,45.91],[-64.59,45.81],[-64.78,45.64],[-64.9,45.63],[-65.0,45.57],[-65.0,45.0]]],[[[-56.15,46.76],[-56.17,46.75],[-56.24,46.77],[-56.21,46.8],[-56.19,46.81],[-56.15,46.81],[-56.14,46.8],[-56.14,46.78],[-56.15,46.76]]],[[[-64.82,62.56],[-64.63,62.55],[-64.52,62.55],[-64.47,62.54],[-64.42,62.49],[-64.48,62.42],[-64.55,62.39],[-64.66,62.38],[-64.84,62.41],[-64.9,62.42],[-64.96,62.46],[-64.93,62.49],[-64.84,62.49],[-64.83,62.5],[-64.85,62.53],[-64.85,62.54],[-64.82,62.56]]],[[[-62.68,67.06],[-62.81,67.03],[-62.87,67.06],[-62.83,67.07],[-62.76,67.11],[-62.66,67.15],[-62.63,67.18],[-62.47,67.19],[-62.42,67.19],[-62.4,67.18],[-62.48,67.13],[-62.68,67.06]]],[[[-64.83,61.37],[-64.86,61.35],[-64.88,61.36],[-64.95,61.41],[-65.0,61.42],[-65.0,61.69],[-64.95,61.69],[-64.79,61.66],[-64.76,61.64],[-64.67,61.59],[-64.69,61.54],[-64.7,61.47],[-64.73,61.44],[-64.79,61.41],[-64.83,61.37]]],[[[-65.0,61.87],[-64.98,61.88],[-64.96,61.87],[-64.95,61.84],[-64.92,61.82],[-64.87,61.8],[-64.85,61.78],[-64.85,61.76],[-64.9,61.73],[-64.93,61.73],[-65.0,61.75]]],[[[-55.46,51.54],[-55.53,51.44],[-55.58,51.39],[-55.63,51.37],[-55.73,51.36],[-55.94,51.34],[-56.03,51.33],[-56.04,51.26],[-56.03,51.23],[-56.0,51.2],[-55.96,51.19],[-55.87,51.21],[-55.84,51.21],[-55.82,51.19],[-55.8,51.17],[-55.79,51.13],[-55.78,51.09],[-55.8,51.03],[-55.87,50.91],[-55.96,50.84],[-56.08,50.78],[-56.11,50.76],[-56.12,50.73],[-56.14,50.65],[-56.2,50.58],[-56.38,50.42],[-56.45,50.38],[-56.45,50.35],[-56.48,50.27],[-56.54,50.21],[-56.69,50.06],[-56.73,50.01],[-56.75,49.97],[-56.75,49.91],[-56.75,49.88],[-56.79,49.83],[-56.84,49.79],[-56.85,49.77],[-56.83,49.72],[-56.81,49.71],[-56.81,49.67],[-56.82,49.61],[-56.76,49.65],[-56.61,49.79],[-56.5,49.87],[-56.43,49.9],[-56.38,49.93],[-56.32,50.01],[-56.25,50.09],[-56.18,50.11],[-56.15,50.1],[-56.12,50.06],[-56.13,50.02],[-56.16,49.96],[-56.16,49.94],[-56.08,49.98],[-55.93,50.02],[-55.87,50.01],[-55.76,49.96],[-55.67,49.97],[-55.53,50.0],[-55.5,49.98],[-55.53,49.94],[-55.58,49.89],[-55.72,49.83],[-56.04,49.7],[-56.14,49.62],[-56.12,49.62],[-56.05,49.66],[-55.98,49.68],[-55.9,49.68],[-55.87,49.67],[-55.88,49.65],[-55.89,49.58],[-56.09,49.45],[-56.04,49.46],[-55.82,49.52],[-55.68,49.43],[-55.49,49.46],[-55.38,49.49],[-55.38,49.47],[-55.35,49.44],[-55.36,49.38],[-55.34,49.37],[-55.29,49.39],[-55.28,49.41],[-55.28,49.51],[-55.27,49.52],[-55.23,49.51],[-55.21,49.48],[-55.2,49.41],[-55.23,49.33],[-55.26,49.27],[-55.34,49.17],[-55.33,49.13],[-55.35,49.08],[-55.33,49.08],[-55.25,49.12],[-55.25,49.14],[-55.25,49.18],[-55.24,49.2],[-55.18,49.24],[-55.06,49.3],[-55.03,49.31],[-55.01,49.29],[-55.02,49.26],[-54.98,49.27],[-54.91,49.32],[-54.84,49.35],[-54.78,49.36],[-54.72,49.39],[-54.65,49.44],[-54.58,49.49],[-54.5,49.53],[-54.47,49.53],[-54.48,49.47],[-54.47,49.4],[-54.46,49.34],[-54.45,49.33],[-54.39,49.39],[-54.36,49.42],[-54.32,49.42],[-54.27,49.42],[-53.96,49.44],[-53.86,49.43],[-53.75,49.39],[-53.62,49.32],[-53.57,49.26],[-53.56,49.19],[-53.57,49.14],[-53.67,49.08],[-53.76,49.04],[-53.81,48.99],[-53.82,48.95],[-53.85,48.93],[-53.9,48.89],[-54.16,48.79],[-54.1,48.78],[-53.95,48.81],[-53.85,48.81],[-53.85,48.8],[-53.89,48.77],[-53.96,48.74],[-53.97,48.72],[-53.97,48.71],[-53.89,48.68],[-53.78,48.7],[-53.7,48.68],[-53.71,48.66],[-53.77,48.58],[-53.79,48.53],[-53.89,48.48],[-54.07,48.42],[-54.11,48.39],[-54.1,48.39],[-53.94,48.44],[-53.85,48.45],[-53.8,48.45],[-53.74,48.5],[-53.64,48.51],[-53.55,48.48],[-53.41,48.56],[-53.36,48.57],[-53.28,48.56],[-53.22,48.58],[-53.13,48.63],[-53.06,48.66],[-53.04,48.66],[-53.03,48.63],[-53.02,48.57],[-53.04,48.52],[-53.06,48.48],[-53.14,48.4],[-53.18,48.37],[-53.23,48.36],[-53.3,48.37],[-53.33,48.36],[-53.41,48.29],[-53.53,48.23],[-53.61,48.21],[-53.56,48.17],[-53.54,48.11],[-53.57,48.09],[-53.7,48.07],[-53.71,48.06],[-53.76,48.04],[-53.87,48.02],[-53.79,48.01],[-53.65,48.03],[-53.64,48.01],[-53.66,47.97],[-53.7,47.92],[-53.86,47.8],[-53.86,47.79],[-53.84,47.73],[-53.81,47.68],[-53.77,47.65],[-53.67,47.65],[-53.6,47.66],[-53.5,47.74],[-53.28,48.0],[-53.09,48.07],[-52.92,48.15],[-52.88,48.13],[-52.87,48.11],[-52.87,48.09],[-52.95,48.03],[-53.0,47.98],[-53.11,47.81],[-53.15,47.73],[-53.18,47.65],[-53.17,47.51],[-53.16,47.49],[-53.12,47.46],[-53.06,47.48],[-52.95,47.55],[-52.87,47.62],[-52.82,47.73],[-52.78,47.77],[-52.74,47.77],[-52.71,47.75],[-52.7,47.69],[-52.67,47.62],[-52.65,47.55],[-52.67,47.47],[-52.68,47.43],[-52.91,47.1],[-52.89,47.05],[-52.88,47.01],[-52.89,46.97],[-52.96,46.82],[-53.03,46.72],[-53.07,46.68],[-53.11,46.66],[-53.17,46.65],[-53.21,46.66],[-53.25,46.7],[-53.29,46.72],[-53.32,46.72],[-53.38,46.71],[-53.54,46.63],[-53.57,46.63],[-53.59,46.64],[-53.62,46.68],[-53.6,46.89],[-53.58,46.96],[-53.61,47.01],[-53.58,47.1],[-53.58,47.13],[-53.6,47.15],[-53.64,47.14],[-53.7,47.09],[-53.77,47.01],[-53.86,46.94],[-54.01,46.84],[-54.08,46.82],[-54.1,46.82],[-54.13,46.84],[-54.17,46.88],[-54.17,46.92],[-54.16,46.97],[-54.09,47.09],[-53.97,47.26],[-53.87,47.39],[-53.85,47.44],[-53.88,47.46],[-53.9,47.51],[-53.94,47.64],[-53.99,47.76],[-54.05,47.81],[-54.19,47.86],[-54.22,47.85],[-54.23,47.77],[-54.4,47.56],[-54.43,47.46],[-54.46,47.43],[-54.49,47.4],[-54.56,47.38],[-54.54,47.43],[-54.46,47.54],[-54.47,47.55],[-54.57,47.46],[-54.65,47.41],[-54.74,47.4],[-54.8,47.4],[-54.86,47.39],[-55.09,47.17],[-55.1,47.1],[-55.14,47.05],[-55.25,46.94],[-55.32,46.91],[-55.4,46.9],[-55.48,46.92],[-55.53,46.91],[-55.65,46.88],[-55.79,46.87],[-55.84,46.87],[-55.88,46.89],[-55.95,46.93],[-55.96,46.96],[-55.95,46.97],[-55.92,47.02],[-55.84,47.07],[-55.77,47.09],[-55.61,47.12],[-55.49,47.16],[-55.4,47.22],[-55.36,47.26],[-55.19,47.45],[-54.98,47.52],[-54.87,47.57],[-54.8,47.64],[-54.78,47.66],[-54.89,47.63],[-54.95,47.62],[-55.04,47.63],[-55.07,47.66],[-55.2,47.65],[-55.37,47.66],[-55.39,47.64],[-55.41,47.55],[-55.43,47.5],[-55.46,47.48],[-55.5,47.48],[-55.58,47.47],[-55.77,47.5],[-55.81,47.52],[-55.86,47.53],[-56.08,47.5],[-56.13,47.5],[-56.08,47.52],[-55.87,47.59],[-55.84,47.79],[-55.86,47.82],[-55.92,47.79],[-56.02,47.76],[-56.09,47.77],[-56.12,47.79],[-56.15,47.77],[-56.22,47.67],[-56.26,47.66],[-56.33,47.65],[-56.46,47.62],[-56.72,47.59],[-56.77,47.56],[-56.95,47.57],[-57.47,47.63],[-57.66,47.63],[-57.88,47.66],[-57.93,47.67],[-58.24,47.67],[-58.33,47.68],[-58.33,47.72],[-58.34,47.73],[-58.43,47.68],[-58.51,47.65],[-58.61,47.63],[-58.94,47.58],[-59.12,47.57],[-59.22,47.6],[-59.26,47.63],[-59.32,47.74],[-59.36,47.87],[-59.36,47.89],[-59.34,47.93],[-59.27,48.0],[-58.96,48.16],[-58.71,48.33],[-58.6,48.41],[-58.5,48.44],[-58.34,48.51],[-58.33,48.52],[-58.49,48.51],[-58.61,48.53],[-58.72,48.54],[-58.94,48.52],[-59.17,48.52],[-59.17,48.56],[-59.06,48.63],[-58.84,48.75],[-58.82,48.75],[-58.89,48.69],[-58.91,48.65],[-58.88,48.62],[-58.84,48.61],[-58.72,48.6],[-58.69,48.62],[-58.64,48.75],[-58.55,48.9],[-58.49,49.0],[-58.4,49.08],[-58.36,49.1],[-58.32,49.08],[-58.19,49.06],[-58.05,48.99],[-58.01,48.98],[-57.99,48.99],[-58.04,49.01],[-58.08,49.04],[-58.1,49.08],[-58.05,49.18],[-57.99,49.21],[-57.98,49.23],[-58.1,49.23],[-58.19,49.26],[-58.22,49.31],[-58.21,49.39],[-58.18,49.44],[-58.11,49.5],[-58.02,49.54],[-57.96,49.53],[-57.86,49.47],[-57.79,49.49],[-57.8,49.51],[-57.9,49.6],[-57.93,49.67],[-57.93,49.7],[-57.71,50.02],[-57.61,50.2],[-57.47,50.46],[-57.43,50.51],[-57.36,50.58],[-57.33,50.61],[-57.24,50.61],[-57.18,50.61],[-57.26,50.65],[-57.29,50.67],[-57.3,50.7],[-57.27,50.73],[-57.24,50.74],[-57.13,50.79],[-57.05,50.86],[-57.01,50.94],[-57.01,50.97],[-57.04,51.0],[-57.04,51.01],[-56.98,51.03],[-56.83,51.13],[-56.81,51.14],[-56.75,51.27],[-56.68,51.33],[-56.62,51.36],[-56.52,51.4],[-56.21,51.49],[-56.03,51.57],[-55.9,51.56],[-55.87,51.51],[-55.69,51.47],[-55.66,51.51],[-55.7,51.56],[-55.67,51.58],[-55.52,51.6],[-55.5,51.59],[-55.45,51.56],[-55.46,51.54]]],[[[-55.54,50.72],[-55.57,50.71],[-55.6,50.71],[-55.63,50.72],[-55.63,50.74],[-55.6,50.78],[-55.53,50.8],[-55.47,50.8],[-55.47,50.78],[-55.5,50.74],[-55.54,50.72]]],[[[-54.55,49.59],[-54.71,49.53],[-54.74,49.51],[-54.79,49.5],[-54.82,49.51],[-54.86,49.58],[-54.86,49.6],[-54.81,49.6],[-54.79,49.59],[-54.78,49.57],[-54.76,49.56],[-54.73,49.56],[-54.62,49.62],[-54.56,49.63],[-54.54,49.62],[-54.55,49.59]]],[[[-55.36,51.89],[-55.41,51.89],[-55.42,51.9],[-55.4,51.94],[-55.35,51.98],[-55.27,52.0],[-55.29,51.93],[-55.36,51.89]]],[[[-54.09,49.74],[-54.02,49.68],[-53.98,49.66],[-54.24,49.59],[-54.27,49.59],[-54.29,49.6],[-54.29,49.66],[-54.28,49.71],[-54.26,49.72],[-54.2,49.69],[-54.14,49.75],[-54.09,49.74]]],[[[-56.27,46.84],[-56.35,46.8],[-56.38,46.82],[-56.38,46.85],[-56.33,46.92],[-56.33,46.94],[-56.39,47.07],[-56.38,47.09],[-56.36,47.1],[-56.29,47.07],[-56.28,47.04],[-56.31,46.95],[-56.29,46.9],[-56.26,46.86],[-56.27,46.84]]],[[[-54.23,47.44],[-54.28,47.41],[-54.33,47.41],[-54.32,47.44],[-54.26,47.5],[-54.23,47.54],[-54.23,47.57],[-54.21,47.59],[-54.17,47.61],[-54.13,47.65],[-54.15,47.57],[-54.23,47.44]]],[[[-60.99,56.04],[-60.98,56.02],[-61.14,56.03],[-61.19,56.05],[-61.2,56.06],[-61.19,56.09],[-61.16,56.12],[-61.09,56.14],[-61.05,56.13],[-60.97,56.1],[-60.96,56.08],[-60.99,56.04]]],[[[-61.74,57.55],[-61.66,57.52],[-61.64,57.42],[-61.8,57.42],[-61.98,57.5],[-62.01,57.55],[-62.01,57.56],[-61.98,57.57],[-61.94,57.55],[-61.89,57.57],[-61.85,57.58],[-61.74,57.55]]],[[[22.18,60.37],[22.3,60.35],[22.35,60.36],[22.42,60.3],[22.31,60.27],[22.31,60.23],[22.35,60.2],[22.36,60.17],[22.26,60.17],[22.21,60.2],[22.19,60.24],[22.14,60.26],[22.08,60.29],[22.11,60.31],[22.13,60.36],[22.18,60.37]]],[[[21.45,60.53],[21.44,60.48],[21.37,60.49],[21.3,60.48],[21.24,60.53],[21.21,60.6],[21.22,60.62],[21.27,60.64],[21.3,60.6],[21.45,60.53]]],[[[21.83,60.14],[21.73,60.11],[21.7,60.11],[21.7,60.17],[21.76,60.2],[21.86,60.2],[21.83,60.14]]],[[[-64.41,60.37],[-64.44,60.3],[-64.56,60.32],[-64.74,60.38],[-64.81,60.41],[-64.83,60.45],[-64.84,60.5],[-64.78,60.51],[-64.65,60.51],[-64.53,60.44],[-64.5,60.43],[-64.41,60.37]]],[[[20.61,60.04],[20.6,60.02],[20.52,60.01],[20.49,60.03],[20.41,60.03],[20.4,60.04],[20.43,60.06],[20.49,60.07],[20.57,60.07],[20.61,60.04]]],[[[21.63,60.11],[21.54,60.1],[21.49,60.13],[21.51,60.15],[21.57,60.17],[21.63,60.17],[21.65,60.14],[21.63,60.11]]],[[[24.85,64.99],[24.7,64.96],[24.58,64.98],[24.58,65.04],[24.65,65.07],[24.79,65.09],[24.97,65.06],[25.0,65.04],[24.89,65.03],[24.85,64.99]]],[[[29.96,69.8],[29.77,69.77],[29.74,69.79],[29.79,69.83],[29.84,69.91],[29.91,69.9],[29.99,69.87],[30.0,69.87],[30.0,69.82],[29.96,69.8]]],[[[4.96,61.08],[4.87,61.07],[4.8,61.08],[4.82,61.18],[4.86,61.19],[4.92,61.2],[4.97,61.15],[4.96,61.08]]],[[[8.1,63.34],[8.0,63.34],[7.89,63.35],[7.82,63.39],[7.8,63.41],[7.94,63.45],[8.07,63.47],[8.14,63.43],[8.14,63.37],[8.1,63.34]]],[[[8.47,63.67],[8.36,63.66],[8.29,63.69],[8.45,63.73],[8.71,63.77],[8.73,63.8],[8.76,63.8],[8.81,63.77],[8.81,63.73],[8.79,63.7],[8.47,63.67]]],[[[12.51,65.9],[12.43,65.9],[12.43,65.94],[12.48,65.98],[12.55,66.0],[12.64,66.01],[12.75,66.01],[12.78,65.99],[12.72,65.96],[12.51,65.9]]],[[[12.42,66.04],[12.33,66.04],[12.34,66.08],[12.42,66.12],[12.45,66.15],[12.46,66.19],[12.53,66.21],[12.62,66.18],[12.62,66.12],[12.58,66.07],[12.42,66.04]]],[[[19.77,70.22],[19.82,70.2],[19.87,70.21],[19.91,70.2],[19.99,70.15],[20.08,70.13],[20.09,70.1],[20.01,70.08],[19.9,70.07],[19.78,70.08],[19.75,70.11],[19.71,70.17],[19.61,70.22],[19.6,70.27],[19.68,70.27],[19.77,70.22]]],[[[23.44,70.82],[23.42,70.78],[23.39,70.75],[23.31,70.72],[23.07,70.59],[22.93,70.57],[22.88,70.55],[22.83,70.54],[22.66,70.56],[22.61,70.53],[22.56,70.52],[22.43,70.51],[22.36,70.51],[22.17,70.56],[22.06,70.61],[21.99,70.66],[22.17,70.66],[22.23,70.67],[22.35,70.66],[22.42,70.7],[22.57,70.7],[22.86,70.73],[22.96,70.71],[23.2,70.82],[23.28,70.81],[23.4,70.84],[23.44,70.82]]],[[[20.78,70.09],[20.73,70.07],[20.64,70.06],[20.6,70.07],[20.53,70.08],[20.46,70.08],[20.41,70.12],[20.41,70.15],[20.49,70.2],[20.65,70.23],[20.79,70.22],[20.82,70.21],[20.78,70.09]]],[[[25.59,71.14],[25.85,71.1],[25.95,71.1],[26.08,71.03],[26.15,71.04],[26.13,71.0],[26.0,70.98],[25.79,70.96],[25.76,70.95],[25.58,70.96],[25.48,71.02],[25.31,71.03],[25.32,71.05],[25.42,71.1],[25.59,71.14]]],[[[23.62,70.55],[23.63,70.5],[23.64,70.46],[23.55,70.41],[23.33,70.33],[23.35,70.32],[23.27,70.3],[23.16,70.28],[23.1,70.3],[23.11,70.36],[23.09,70.38],[23.01,70.35],[22.92,70.38],[22.92,70.42],[22.94,70.44],[23.02,70.49],[23.16,70.52],[23.25,70.51],[23.55,70.62],[23.58,70.59],[23.62,70.55]]],[[[24.02,70.57],[23.83,70.53],[23.72,70.56],[23.67,70.6],[23.66,70.68],[23.69,70.72],[23.78,70.75],[23.84,70.73],[23.85,70.71],[23.96,70.7],[24.08,70.65],[24.02,70.57]]],[[[13.87,68.27],[13.93,68.25],[14.09,68.25],[14.12,68.25],[14.1,68.22],[14.03,68.19],[13.89,68.17],[13.82,68.12],[13.78,68.1],[13.66,68.1],[13.58,68.09],[13.5,68.05],[13.42,68.08],[13.4,68.06],[13.39,68.02],[13.35,68.01],[13.23,68.0],[13.2,68.09],[13.26,68.12],[13.3,68.16],[13.37,68.17],[13.43,68.16],[13.54,68.25],[13.69,68.27],[13.78,68.28],[13.87,68.27]]],[[[12.97,67.87],[12.82,67.82],[12.88,67.92],[12.96,68.02],[13.07,68.07],[13.12,68.05],[13.1,68.0],[13.1,67.96],[13.07,67.93],[12.97,67.87]]],[[[17.5,69.6],[17.62,69.54],[17.68,69.56],[17.78,69.56],[17.86,69.54],[17.93,69.51],[18.0,69.5],[18.05,69.46],[18.08,69.4],[18.02,69.35],[17.94,69.33],[17.92,69.27],[17.95,69.2],[17.77,69.17],[17.57,69.16],[17.49,69.2],[17.32,69.13],[17.16,69.03],[17.08,69.01],[17.08,69.05],[16.96,69.07],[16.81,69.07],[16.82,69.1],[16.84,69.11],[16.97,69.14],[17.0,69.19],[16.97,69.28],[17.0,69.33],[17.0,69.36],[17.08,69.4],[17.36,69.38],[17.39,69.42],[17.37,69.44],[17.23,69.48],[17.25,69.5],[17.36,69.53],[17.45,69.53],[17.48,69.57],[17.49,69.59],[17.5,69.6]]],[[[19.26,70.07],[19.34,70.01],[19.42,70.02],[19.45,70.04],[19.5,70.05],[19.61,70.02],[19.59,69.97],[19.44,69.91],[19.33,69.82],[19.2,69.8],[19.13,69.81],[19.01,69.76],[18.91,69.71],[18.81,69.64],[18.8,69.61],[18.78,69.58],[18.41,69.55],[18.27,69.54],[18.13,69.56],[18.06,69.6],[18.08,69.63],[18.23,69.64],[18.23,69.68],[18.27,69.7],[18.32,69.72],[18.35,69.77],[18.41,69.78],[18.51,69.77],[18.58,69.81],[18.62,69.81],[18.67,69.78],[18.7,69.82],[18.67,69.86],[18.69,69.89],[18.82,69.96],[18.88,70.01],[18.97,70.04],[19.05,70.04],[19.07,70.09],[19.05,70.13],[19.06,70.17],[19.13,70.24],[19.21,70.25],[19.25,70.18],[19.26,70.07]]],[[[15.76,68.56],[15.77,68.55],[15.91,68.65],[16.06,68.68],[16.07,68.71],[16.13,68.75],[16.12,68.8],[16.15,68.84],[16.23,68.85],[16.28,68.87],[16.33,68.88],[16.43,68.84],[16.48,68.8],[16.55,68.72],[16.52,68.63],[16.34,68.57],[16.19,68.54],[16.05,68.46],[15.98,68.4],[15.91,68.39],[15.87,68.39],[15.84,68.41],[15.76,68.41],[15.68,68.36],[15.44,68.31],[15.34,68.33],[15.34,68.38],[15.28,68.37],[15.19,68.31],[15.1,68.29],[15.04,68.28],[14.93,68.31],[14.63,68.2],[14.35,68.18],[14.26,68.19],[14.26,68.26],[14.44,68.34],[14.59,68.4],[15.1,68.44],[15.41,68.62],[15.49,68.81],[15.56,68.87],[15.53,68.91],[15.44,68.92],[15.44,68.98],[15.48,69.04],[15.65,69.13],[15.74,69.17],[15.89,69.28],[15.97,69.3],[16.05,69.3],[16.13,69.27],[16.11,69.22],[15.99,69.11],[15.81,69.02],[15.83,68.96],[15.91,68.91],[15.92,68.82],[15.93,68.73],[15.79,68.62],[15.76,68.56]]],[[[15.21,68.94],[15.34,68.84],[15.4,68.78],[15.35,68.67],[15.22,68.62],[15.03,68.61],[14.89,68.61],[14.8,68.64],[14.79,68.67],[14.74,68.68],[14.61,68.64],[14.52,68.63],[14.4,68.66],[14.37,68.71],[14.5,68.77],[14.55,68.82],[14.69,68.81],[14.72,68.8],[14.8,68.79],[14.85,68.85],[14.84,68.89],[14.87,68.91],[15.04,68.89],[15.04,69.0],[15.1,69.01],[15.13,69.0],[15.18,68.98],[15.21,68.94]]],[[[11.23,64.87],[11.18,64.84],[11.06,64.86],[10.83,64.84],[10.74,64.87],[10.81,64.92],[11.02,64.98],[11.13,64.98],[11.25,64.91],[11.23,64.87]]],[[[5.09,60.31],[5.09,60.19],[5.0,60.2],[4.96,60.24],[4.94,60.27],[4.95,60.34],[4.93,60.41],[4.96,60.45],[4.99,60.45],[5.05,60.39],[5.09,60.31]]],[[[11.97,65.63],[11.9,65.6],[11.78,65.6],[11.77,65.63],[11.8,65.68],[11.88,65.71],[11.97,65.7],[12.0,65.68],[11.97,65.63]]],[[[-44.86,82.08],[-45.07,82.07],[-45.49,82.17],[-46.16,82.28],[-46.75,82.35],[-47.31,82.53],[-47.35,82.6],[-47.27,82.66],[-46.79,82.67],[-46.4,82.69],[-45.41,82.58],[-44.92,82.48],[-44.75,82.4],[-44.78,82.24],[-44.86,82.08]]],[[[-18.66,81.85],[-18.77,81.81],[-19.03,81.83],[-19.37,81.92],[-19.59,81.99],[-19.61,82.08],[-19.49,82.12],[-19.31,82.12],[-19.07,82.05],[-18.81,81.95],[-18.66,81.85]]],[[[-17.61,79.83],[-18.04,79.71],[-18.66,79.72],[-19.03,79.77],[-19.14,79.85],[-19.0,79.94],[-18.55,80.01],[-17.98,80.06],[-17.47,80.03],[-17.4,79.94],[-17.61,79.83]]],[[[-19.0,77.97],[-19.13,77.94],[-19.22,78.04],[-19.3,78.19],[-19.31,78.34],[-19.11,78.42],[-19.01,78.44],[-18.94,78.42],[-18.95,78.35],[-18.95,78.21],[-18.88,78.11],[-19.0,77.97]]],[[[-18.58,76.04],[-18.7,76.02],[-19.09,76.43],[-19.09,76.58],[-19.06,76.69],[-18.88,76.7],[-18.73,76.64],[-18.66,76.4],[-18.58,76.04]]],[[[-18.0,75.41],[-17.92,75.3],[-17.89,75.2],[-17.76,75.14],[-17.5,75.15],[-17.39,75.04],[-17.59,74.99],[-18.35,75.01],[-18.67,75.0],[-18.89,75.07],[-18.88,75.2],[-18.86,75.32],[-18.64,75.39],[-18.45,75.33],[-18.23,75.37],[-18.0,75.41]]],[[[-17.95,77.64],[-18.15,77.64],[-18.22,77.67],[-18.17,77.71],[-17.9,77.86],[-17.81,77.87],[-17.68,77.86],[-17.64,77.78],[-17.73,77.71],[-17.95,77.64]]],[[[-29.95,83.56],[-28.99,83.5],[-28.48,83.43],[-28.38,83.44],[-27.69,83.41],[-27.03,83.38],[-25.95,83.29],[-25.8,83.26],[-25.91,83.24],[-26.18,83.22],[-27.57,83.19],[-30.09,83.16],[-31.53,83.09],[-31.99,83.09],[-32.03,82.98],[-31.84,82.98],[-31.52,82.99],[-30.39,83.09],[-29.96,83.11],[-29.18,83.1],[-28.15,83.06],[-27.74,83.08],[-27.0,83.07],[-26.14,83.1],[-25.12,83.16],[-24.85,83.02],[-24.47,82.88],[-24.17,82.89],[-23.92,82.89],[-23.83,82.84],[-23.69,82.82],[-23.41,82.83],[-22.52,82.79],[-21.92,82.72],[-21.69,82.68],[-21.58,82.63],[-21.52,82.6],[-21.62,82.55],[-21.99,82.46],[-22.47,82.38],[-23.12,82.32],[-23.86,82.29],[-29.58,82.16],[-29.77,82.13],[-29.89,82.05],[-29.81,81.96],[-29.54,81.94],[-28.92,82.0],[-27.84,82.05],[-27.05,82.05],[-25.15,82.0],[-24.59,81.88],[-24.29,81.7],[-23.64,81.74],[-23.5,81.77],[-23.39,81.83],[-23.31,81.89],[-23.25,81.95],[-23.18,81.99],[-23.1,82.01],[-22.94,82.03],[-22.56,82.05],[-21.58,82.07],[-21.34,82.07],[-21.17,81.98],[-21.13,81.93],[-21.12,81.87],[-21.12,81.79],[-21.15,81.7],[-21.23,81.6],[-21.5,81.44],[-21.72,81.35],[-21.96,81.28],[-22.42,81.14],[-22.57,81.1],[-23.07,80.93],[-23.2,80.85],[-23.2,80.79],[-23.12,80.78],[-22.97,80.83],[-22.92,80.87],[-22.83,80.91],[-22.09,81.02],[-21.93,81.05],[-21.45,81.18],[-21.14,81.23],[-20.89,81.28],[-20.76,81.31],[-20.02,81.56],[-19.63,81.64],[-19.22,81.64],[-19.15,81.51],[-18.67,81.49],[-18.46,81.5],[-18.12,81.47],[-17.97,81.44],[-17.72,81.43],[-17.46,81.4],[-17.23,81.43],[-17.16,81.45],[-16.94,81.54],[-16.64,81.63],[-16.36,81.73],[-16.27,81.75],[-16.12,81.78],[-15.97,81.79],[-15.56,81.83],[-15.45,81.84],[-15.23,81.82],[-14.24,81.81],[-13.7,81.79],[-12.96,81.72],[-12.43,81.68],[-12.19,81.65],[-11.84,81.58],[-11.56,81.5],[-11.43,81.48],[-11.43,81.46],[-11.53,81.42],[-12.23,81.31],[-12.46,81.23],[-13.13,81.09],[-13.45,81.04],[-13.8,81.02],[-14.2,81.01],[-14.45,80.99],[-14.49,80.97],[-14.31,80.91],[-14.23,80.87],[-14.24,80.83],[-14.43,80.78],[-14.5,80.76],[-15.19,80.72],[-15.54,80.65],[-16.0,80.64],[-16.32,80.65],[-16.76,80.57],[-16.59,80.51],[-16.43,80.48],[-15.94,80.43],[-15.93,80.4],[-16.17,80.33],[-16.49,80.25],[-16.87,80.2],[-17.01,80.19],[-17.19,80.2],[-17.36,80.2],[-17.72,80.18],[-18.07,80.17],[-18.69,80.21],[-19.03,80.25],[-19.21,80.26],[-19.43,80.26],[-19.52,80.24],[-19.87,80.14],[-20.04,80.08],[-20.15,80.01],[-20.2,79.94],[-20.18,79.86],[-20.14,79.8],[-20.07,79.77],[-19.99,79.76],[-19.84,79.75],[-19.52,79.76],[-19.39,79.75],[-19.35,79.73],[-19.28,79.68],[-19.3,79.64],[-19.35,79.57],[-19.4,79.49],[-19.43,79.4],[-19.41,79.35],[-19.28,79.34],[-19.22,79.34],[-19.15,79.33],[-19.07,79.29],[-19.01,79.25],[-18.97,79.21],[-18.99,79.18],[-19.07,79.15],[-19.26,79.12],[-19.72,79.07],[-19.77,79.05],[-19.81,79.01],[-19.83,78.96],[-19.89,78.91],[-19.97,78.87],[-20.05,78.84],[-20.2,78.83],[-20.4,78.83],[-20.62,78.8],[-21.13,78.66],[-21.14,78.64],[-20.95,78.6],[-20.96,78.56],[-21.19,78.38],[-21.26,78.29],[-21.31,78.17],[-21.4,78.07],[-21.52,77.99],[-21.63,77.9],[-21.75,77.79],[-21.73,77.71],[-21.58,77.65],[-21.38,77.7],[-21.13,77.85],[-20.86,77.91],[-20.57,77.89],[-20.32,77.86],[-20.0,77.8],[-19.72,77.77],[-19.49,77.72],[-19.39,77.68],[-19.3,77.62],[-19.3,77.59],[-19.47,77.57],[-19.52,77.57],[-19.95,77.67],[-20.16,77.69],[-20.44,77.66],[-20.68,77.62],[-20.46,77.45],[-20.23,77.37],[-19.81,77.33],[-19.59,77.29],[-19.43,77.25],[-19.3,77.22],[-19.13,77.23],[-18.9,77.28],[-18.59,77.28],[-18.44,77.26],[-18.34,77.22],[-18.29,77.13],[-18.3,77.01],[-18.34,76.92],[-18.4,76.86],[-18.51,76.78],[-18.61,76.76],[-18.74,76.77],[-18.87,76.78],[-18.98,76.81],[-19.16,76.84],[-19.51,76.86],[-19.86,76.91],[-20.06,76.93],[-20.49,76.92],[-20.94,76.89],[-20.96,76.84],[-21.61,76.69],[-21.75,76.69],[-21.93,76.74],[-22.19,76.79],[-22.33,76.79],[-22.55,76.73],[-22.61,76.7],[-22.61,76.68],[-22.44,76.63],[-22.38,76.61],[-22.29,76.6],[-22.0,76.59],[-21.88,76.57],[-21.76,76.4],[-21.57,76.29],[-21.49,76.27],[-21.42,76.26],[-21.19,76.27],[-20.89,76.3],[-20.78,76.28],[-20.56,76.24],[-20.44,76.23],[-20.28,76.23],[-20.1,76.22],[-19.86,76.12],[-19.96,76.0],[-19.81,75.9],[-19.57,75.79],[-19.51,75.76],[-19.49,75.69],[-19.48,75.64],[-19.46,75.6],[-19.43,75.57],[-19.4,75.49],[-19.37,75.39],[-19.38,75.3],[-19.43,75.23],[-19.53,75.18],[-19.68,75.15],[-19.8,75.16],[-19.89,75.2],[-20.03,75.25],[-20.2,75.31],[-20.48,75.31],[-20.91,75.16],[-21.09,75.15],[-21.25,75.13],[-21.41,75.06],[-21.65,75.02],[-21.86,75.04],[-22.23,75.12],[-22.1,75.07],[-21.9,75.0],[-21.78,74.97],[-21.7,74.96],[-21.6,74.97],[-21.46,75.0],[-21.14,75.07],[-21.06,75.08],[-20.99,75.07],[-20.93,75.05],[-20.86,74.99],[-20.79,74.89],[-20.8,74.81],[-20.89,74.74],[-20.97,74.69],[-21.04,74.67],[-21.04,74.65],[-20.86,74.64],[-20.61,74.73],[-20.53,74.84],[-20.42,74.98],[-20.21,75.02],[-19.98,74.98],[-19.8,74.85],[-19.54,74.62],[-19.43,74.6],[-19.29,74.55],[-19.23,74.48],[-19.24,74.4],[-19.27,74.34],[-19.31,74.31],[-19.37,74.28],[-19.47,74.27],[-19.65,74.26],[-20.05,74.28],[-20.26,74.28],[-20.23,74.2],[-20.65,74.14],[-21.13,74.11],[-21.58,74.16],[-21.95,74.24],[-21.83,74.36],[-21.76,74.48],[-21.94,74.57],[-21.98,74.57],[-21.92,74.44],[-21.97,74.39],[-22.18,74.33],[-22.32,74.3],[-22.33,74.29],[-22.26,74.27],[-22.22,74.25],[-22.2,74.21],[-22.22,74.17],[-22.29,74.12],[-22.33,74.09],[-22.34,74.06],[-22.27,74.03],[-22.13,73.99],[-21.99,73.97],[-21.3,73.96],[-21.02,73.94],[-20.37,73.85],[-20.34,73.82],[-20.45,73.65],[-20.51,73.49],[-20.64,73.46],[-21.33,73.46],[-21.55,73.43],[-21.87,73.36],[-22.19,73.27],[-22.35,73.27],[-22.99,73.35],[-23.23,73.4],[-23.76,73.54],[-24.16,73.76],[-24.34,73.67],[-24.45,73.63],[-24.57,73.61],[-24.68,73.6],[-24.78,73.62],[-24.91,73.65],[-25.11,73.73],[-25.35,73.81],[-25.52,73.85],[-25.53,73.84],[-25.43,73.79],[-25.28,73.74],[-24.91,73.58],[-24.78,73.54],[-24.79,73.51],[-25.03,73.49],[-25.31,73.43],[-25.45,73.39],[-25.67,73.29],[-25.74,73.28],[-26.06,73.25],[-26.17,73.26],[-26.41,73.31],[-26.77,73.35],[-26.98,73.38],[-27.27,73.44],[-27.17,73.37],[-26.6,73.28],[-26.54,73.25],[-26.66,73.19],[-26.73,73.17],[-26.86,73.17],[-27.06,73.18],[-27.26,73.18],[-27.47,73.16],[-27.56,73.14],[-27.53,73.11],[-27.48,73.09],[-27.41,73.07],[-27.35,73.07],[-27.19,73.13],[-27.07,73.14],[-26.75,73.12],[-26.43,73.17],[-26.2,73.19],[-26.03,73.2],[-25.4,73.28],[-25.27,73.36],[-25.06,73.4],[-24.59,73.42],[-24.13,73.41],[-23.9,73.4],[-23.71,73.32],[-23.46,73.26],[-23.24,73.19],[-23.0,73.17],[-22.85,73.08],[-22.45,72.99],[-22.19,72.97],[-22.04,72.92],[-22.02,72.72],[-22.01,72.64],[-22.07,72.4],[-22.28,72.34],[-22.24,72.22],[-22.29,72.12],[-22.5,72.16],[-22.71,72.22],[-23.21,72.33],[-23.67,72.39],[-23.86,72.45],[-24.07,72.5],[-24.36,72.69],[-24.55,72.92],[-24.63,73.04],[-24.79,73.04],[-24.99,73.01],[-25.17,72.98],[-25.26,72.92],[-25.86,72.85],[-26.08,72.79],[-26.21,72.8],[-26.66,72.72],[-26.48,72.68],[-26.39,72.67],[-26.21,72.69],[-26.1,72.72],[-25.69,72.8],[-25.36,72.81],[-25.24,72.84],[-24.98,72.89],[-24.81,72.9],[-24.79,72.89],[-24.77,72.87],[-24.65,72.58],[-24.7,72.51],[-24.84,72.47],[-25.13,72.42],[-25.2,72.39],[-25.12,72.35],[-24.84,72.39],[-24.67,72.44],[-24.57,72.42],[-24.42,72.35],[-24.24,72.31],[-23.8,72.2],[-23.59,72.14],[-23.29,72.08],[-22.96,72.0],[-22.87,71.97],[-22.56,71.93],[-22.5,71.91],[-22.37,71.77],[-22.26,71.75],[-21.96,71.74],[-22.01,71.69],[-22.31,71.56],[-22.46,71.52],[-22.5,71.5],[-22.49,71.46],[-22.48,71.38],[-22.42,71.25],[-22.35,71.37],[-22.3,71.43],[-22.23,71.45],[-22.17,71.45],[-21.96,71.51],[-21.75,71.48],[-21.7,71.34],[-21.67,71.21],[-21.69,71.09],[-21.67,70.92],[-21.67,70.86],[-21.63,70.8],[-21.57,70.59],[-21.52,70.53],[-21.63,70.47],[-21.94,70.44],[-22.07,70.47],[-22.38,70.46],[-22.38,70.51],[-22.4,70.57],[-22.4,70.61],[-22.42,70.65],[-22.44,70.86],[-22.53,70.81],[-22.53,70.76],[-22.56,70.72],[-22.61,70.49],[-22.69,70.44],[-22.94,70.45],[-23.19,70.44],[-23.33,70.45],[-23.79,70.56],[-23.97,70.65],[-24.13,70.79],[-24.23,70.92],[-24.27,71.05],[-24.38,71.15],[-24.56,71.22],[-24.78,71.29],[-25.03,71.33],[-25.25,71.4],[-25.45,71.47],[-25.66,71.53],[-25.89,71.57],[-26.21,71.59],[-26.69,71.58],[-27.01,71.63],[-27.09,71.63],[-27.16,71.6],[-27.11,71.53],[-26.74,71.5],[-26.45,71.49],[-26.07,71.5],[-25.84,71.48],[-25.76,71.44],[-25.7,71.37],[-25.67,71.27],[-25.74,71.18],[-26.01,71.09],[-26.16,71.05],[-26.58,70.97],[-26.72,70.95],[-27.07,70.94],[-27.34,70.95],[-27.69,70.99],[-27.89,71.0],[-28.3,71.01],[-28.4,70.99],[-28.29,70.95],[-28.12,70.92],[-27.99,70.9],[-27.98,70.84],[-28.02,70.76],[-28.07,70.7],[-28.15,70.66],[-28.42,70.57],[-28.53,70.55],[-29.04,70.46],[-29.07,70.44],[-28.95,70.45],[-28.63,70.48],[-28.54,70.48],[-28.02,70.4],[-27.6,70.41],[-26.75,70.48],[-26.68,70.47],[-26.62,70.46],[-26.57,70.44],[-26.51,70.4],[-26.58,70.36],[-26.77,70.32],[-27.07,70.28],[-27.2,70.26],[-27.33,70.22],[-27.56,70.12],[-27.63,70.03],[-27.38,69.99],[-27.27,70.04],[-27.14,70.14],[-27.03,70.2],[-26.75,70.24],[-26.42,70.22],[-26.16,70.25],[-25.62,70.35],[-25.53,70.35],[-24.75,70.3],[-24.04,70.18],[-23.67,70.14],[-23.17,70.11],[-22.28,70.13],[-22.21,70.11],[-22.24,70.07],[-22.29,70.03],[-22.44,69.99],[-22.61,69.95],[-22.73,69.95],[-22.82,69.92],[-23.03,69.9],[-23.09,69.88],[-23.01,69.8],[-23.05,69.79],[-23.24,69.79],[-23.55,69.74],[-23.81,69.74],[-23.87,69.74],[-23.82,69.72],[-23.76,69.68],[-23.71,69.63],[-23.74,69.59],[-23.86,69.57],[-23.94,69.56],[-24.25,69.59],[-24.3,69.59],[-24.25,69.56],[-24.23,69.53],[-24.22,69.48],[-24.3,69.44],[-24.45,69.41],[-24.74,69.32],[-24.87,69.29],[-25.13,69.27],[-25.19,69.26],[-25.08,69.19],[-25.09,69.17],[-25.27,69.09],[-25.54,69.05],[-25.58,69.02],[-25.61,68.95],[-25.63,68.93],[-25.7,68.89],[-25.96,68.82],[-26.14,68.78],[-26.23,68.75],[-26.34,68.7],[-26.48,68.68],[-26.65,68.67],[-26.82,68.65],[-27.08,68.6],[-27.27,68.58],[-27.85,68.49],[-28.13,68.48],[-28.36,68.45],[-28.85,68.36],[-29.09,68.33],[-29.25,68.3],[-29.43,68.29],[-29.71,68.31],[-29.87,68.31],[-29.96,68.3],[-30.05,68.27],[-30.2,68.2],[-30.32,68.19],[-30.72,68.25],[-30.71,68.22],[-30.61,68.16],[-30.61,68.12],[-30.85,68.07],[-30.98,68.06],[-31.17,68.08],[-31.42,68.13],[-31.74,68.23],[-32.14,68.38],[-32.33,68.44],[-32.31,68.39],[-32.27,68.34],[-32.2,68.29],[-32.18,68.26],[-32.22,68.24],[-32.28,68.23],[-32.35,68.23],[-32.37,68.21],[-32.25,68.14],[-32.16,68.06],[-32.16,67.99],[-32.27,67.92],[-32.37,67.88],[-32.45,67.87],[-32.92,67.7],[-33.05,67.68],[-33.11,67.66],[-33.16,67.63],[-33.29,67.49],[-33.35,67.44],[-33.46,67.39],[-33.5,67.38],[-33.52,67.35],[-33.5,67.32],[-33.53,67.26],[-33.61,67.17],[-33.88,66.94],[-34.1,66.73],[-34.2,66.66],[-34.27,66.63],[-34.31,66.64],[-34.42,66.63],[-34.48,66.59],[-34.52,66.52],[-34.58,66.47],[-34.63,66.43],[-35.07,66.28],[-35.19,66.25],[-35.29,66.27],[-35.41,66.26],[-35.66,66.34],[-35.71,66.37],[-35.87,66.44],[-35.86,66.41],[-35.83,66.39],[-35.81,66.36],[-35.76,66.32],[-35.63,66.14],[-35.73,66.1],[-35.82,66.06],[-36.04,65.99],[-36.29,65.86],[-36.38,65.83],[-36.4,65.93],[-36.39,65.96],[-36.53,66.01],[-36.52,65.97],[-36.54,65.94],[-36.64,65.81],[-36.67,65.79],[-36.71,65.8],[-36.82,65.77],[-36.93,65.78],[-37.03,65.84],[-37.06,65.87],[-37.23,65.79],[-37.32,65.79],[-37.33,65.72],[-37.41,65.66],[-37.52,65.63],[-37.66,65.63],[-37.75,65.59],[-37.95,65.63],[-38.0,65.71],[-37.84,65.81],[-37.8,65.86],[-37.83,65.91],[-37.79,65.98],[-37.48,66.19],[-37.28,66.3],[-37.29,66.32],[-37.57,66.35],[-37.81,66.39],[-38.05,66.4],[-38.16,66.39],[-37.99,66.32],[-37.75,66.26],[-37.87,66.2],[-37.97,66.14],[-38.07,65.97],[-38.14,65.9],[-38.4,65.98],[-38.52,66.01],[-38.44,65.92],[-38.22,65.84],[-38.2,65.81],[-38.2,65.71],[-38.64,65.62],[-39.09,65.61],[-39.41,65.59],[-39.96,65.56],[-40.17,65.56],[-40.19,65.52],[-39.66,65.37],[-39.58,65.34],[-39.65,65.29],[-39.76,65.25],[-39.94,65.14],[-40.03,65.1],[-40.25,65.05],[-40.67,65.11],[-40.88,65.08],[-41.08,65.1],[-41.09,65.04],[-41.03,64.99],[-40.97,64.87],[-40.83,64.88],[-40.66,64.92],[-40.52,64.83],[-40.43,64.67],[-40.28,64.6],[-40.21,64.54],[-40.18,64.48],[-40.28,64.42],[-40.48,64.34],[-40.7,64.33],[-40.69,64.27],[-40.78,64.22],[-40.98,64.24],[-41.08,64.27],[-41.18,64.28],[-41.58,64.3],[-41.17,64.18],[-41.03,64.12],[-40.97,64.15],[-40.83,64.16],[-40.62,64.13],[-40.65,63.93],[-40.56,63.76],[-40.55,63.73],[-40.77,63.63],[-40.78,63.53],[-40.91,63.51],[-41.05,63.51],[-41.06,63.41],[-41.15,63.35],[-41.14,63.31],[-41.11,63.27],[-41.2,63.21],[-41.27,63.13],[-41.39,63.06],[-41.45,63.07],[-41.63,63.06],[-41.84,63.07],[-42.02,63.16],[-42.09,63.19],[-42.17,63.21],[-42.14,63.15],[-42.09,63.12],[-41.93,63.05],[-41.63,62.97],[-41.64,62.92],[-41.72,62.89],[-41.91,62.74],[-41.97,62.73],[-42.06,62.69],[-42.32,62.71],[-42.42,62.72],[-42.74,62.71],[-42.85,62.73],[-42.94,62.72],[-42.86,62.68],[-42.67,62.64],[-42.47,62.6],[-42.15,62.57],[-42.16,62.51],[-42.24,62.47],[-42.2,62.4],[-42.23,62.35],[-42.25,62.29],[-42.32,62.15],[-42.24,62.06],[-42.14,62.01],[-42.15,61.95],[-42.11,61.86],[-42.25,61.77],[-42.37,61.77],[-42.53,61.76],[-42.59,61.72],[-42.32,61.68],[-42.35,61.62],[-42.42,61.54],[-42.49,61.36],[-42.65,61.06],[-42.72,60.77],[-43.04,60.52],[-43.16,60.52],[-43.19,60.51],[-43.35,60.52],[-43.6,60.58],[-43.79,60.59],[-43.92,60.6],[-43.94,60.57],[-43.83,60.52],[-43.67,60.5],[-43.53,60.47],[-43.3,60.44],[-43.21,60.39],[-43.16,60.33],[-43.16,60.3],[-43.17,60.26],[-43.12,60.06],[-43.23,59.99],[-43.32,59.93],[-43.62,59.94],[-43.67,59.96],[-43.96,60.03],[-43.94,59.99],[-43.73,59.9],[-43.66,59.86],[-43.71,59.85],[-43.79,59.85],[-43.91,59.82],[-44.12,59.83],[-44.11,59.88],[-44.07,59.92],[-44.16,59.92],[-44.27,59.89],[-44.33,59.9],[-44.38,59.9],[-44.41,59.92],[-44.45,60.01],[-44.4,60.06],[-44.23,60.18],[-44.18,60.24],[-44.22,60.27],[-44.35,60.2],[-44.48,60.1],[-44.53,60.03],[-44.61,60.02],[-44.81,60.05],[-45.38,60.2],[-45.36,60.3],[-45.37,60.37],[-45.2,60.38],[-45.08,60.42],[-44.97,60.46],[-44.85,60.53],[-44.74,60.66],[-44.76,60.66],[-45.08,60.51],[-45.28,60.45],[-45.38,60.44],[-45.43,60.47],[-45.59,60.52],[-45.7,60.54],[-45.93,60.58],[-45.98,60.6],[-46.05,60.62],[-46.14,60.78],[-46.02,60.97],[-45.93,61.03],[-45.88,61.09],[-45.85,61.18],[-45.87,61.22],[-45.94,61.21],[-45.98,61.18],[-45.97,61.13],[-46.01,61.1],[-46.3,61.02],[-46.58,60.96],[-46.72,60.9],[-46.81,60.86],[-46.87,60.82],[-46.98,60.82],[-47.12,60.81],[-47.22,60.78],[-47.37,60.8],[-47.46,60.84],[-47.58,60.85],[-47.71,60.83],[-47.8,60.83],[-47.79,60.8],[-47.73,60.73],[-47.83,60.72],[-48.01,60.72],[-48.11,60.74],[-48.18,60.77],[-48.24,60.81],[-48.21,60.86],[-47.91,60.95],[-47.77,61.0],[-47.86,61.02],[-48.15,61.0],[-48.19,61.01],[-48.39,61.0],[-48.38,61.14],[-48.42,61.17],[-48.43,61.19],[-48.49,61.22],[-48.56,61.23],[-48.6,61.25],[-48.92,61.28],[-48.96,61.35],[-48.99,61.43],[-49.05,61.52],[-49.2,61.55],[-49.29,61.59],[-49.22,61.63],[-49.19,61.69],[-49.27,61.71],[-49.31,61.75],[-49.3,61.77],[-49.36,61.84],[-49.38,61.89],[-49.31,61.94],[-49.13,61.99],[-49.07,62.02],[-49.04,62.04],[-48.83,62.08],[-49.01,62.11],[-49.12,62.11],[-49.2,62.1],[-49.28,62.05],[-49.35,62.01],[-49.62,62.0],[-49.66,62.02],[-49.68,62.09],[-49.67,62.15],[-49.55,62.23],[-49.69,62.27],[-49.81,62.29],[-49.94,62.32],[-50.07,62.36],[-50.18,62.41],[-50.29,62.47],[-50.32,62.47],[-50.28,62.53],[-50.26,62.58],[-50.26,62.68],[-50.3,62.72],[-50.2,62.81],[-50.08,62.9],[-49.79,63.04],[-50.09,62.98],[-50.34,62.83],[-50.39,62.82],[-50.41,62.85],[-50.5,62.94],[-50.57,62.97],[-50.6,63.0],[-50.74,63.05],[-50.8,63.09],[-50.89,63.17],[-51.01,63.26],[-51.19,63.44],[-51.47,63.64],[-51.54,63.76],[-51.45,63.9],[-51.55,64.01],[-51.28,64.05],[-50.9,64.11],[-50.7,64.15],[-50.59,64.16],[-50.34,64.17],[-50.26,64.21],[-50.4,64.2],[-50.49,64.21],[-50.49,64.23],[-50.46,64.27],[-50.44,64.31],[-50.48,64.3],[-50.72,64.22],[-51.07,64.16],[-51.35,64.12],[-51.39,64.12],[-51.49,64.1],[-51.54,64.1],[-51.58,64.1],[-51.68,64.16],[-51.71,64.21],[-51.53,64.31],[-51.4,64.46],[-51.23,64.56],[-51.11,64.57],[-50.91,64.57],[-50.83,64.56],[-50.86,64.62],[-50.85,64.64],[-50.68,64.68],[-50.49,64.69],[-50.36,64.68],[-50.27,64.61],[-50.16,64.49],[-50.01,64.45],[-50.02,64.51],[-50.09,64.58],[-50.12,64.7],[-50.22,64.75],[-50.3,64.78],[-50.52,64.77],[-50.65,64.85],[-50.68,64.89],[-50.68,64.93],[-50.81,65.05],[-50.85,65.11],[-50.92,65.2],[-50.96,65.2],[-50.91,65.1],[-50.85,65.02],[-50.76,64.86],[-50.72,64.8],[-50.78,64.75],[-50.89,64.7],[-50.99,64.66],[-51.22,64.63],[-51.17,64.71],[-51.14,64.79],[-51.26,64.76],[-51.36,64.7],[-51.4,64.62],[-51.47,64.55],[-51.68,64.38],[-51.76,64.28],[-51.83,64.23],[-51.92,64.22],[-52.0,64.26],[-52.06,64.35],[-52.09,64.42],[-52.1,64.6],[-52.09,64.68],[-52.12,64.8],[-52.24,65.06],[-52.26,65.15],[-52.45,65.21],[-52.45,65.22],[-52.5,65.28],[-52.54,65.33],[-52.51,65.35],[-52.46,65.36],[-52.18,65.44],[-51.97,65.53],[-51.72,65.67],[-51.62,65.71],[-51.25,65.75],[-51.09,65.75],[-51.09,65.78],[-51.15,65.79],[-51.39,65.78],[-51.72,65.72],[-51.78,65.7],[-51.92,65.62],[-52.04,65.57],[-52.35,65.46],[-52.55,65.46],[-52.76,65.59],[-52.99,65.57],[-53.15,65.57],[-53.2,65.59],[-53.23,65.77],[-53.11,65.98],[-53.24,65.98],[-53.27,65.99],[-53.34,66.03],[-53.39,66.05],[-53.36,66.07],[-53.02,66.17],[-52.51,66.36],[-52.29,66.44],[-52.16,66.47],[-52.06,66.51],[-51.93,66.59],[-51.89,66.62],[-51.82,66.65],[-51.68,66.68],[-51.52,66.73],[-51.26,66.84],[-51.23,66.88],[-51.28,66.89],[-51.4,66.85],[-51.65,66.75],[-51.82,66.7],[-52.42,66.45],[-52.68,66.36],[-52.81,66.3],[-52.92,66.24],[-53.04,66.2],[-53.16,66.18],[-53.41,66.16],[-53.54,66.14],[-53.61,66.15],[-53.65,66.27],[-53.62,66.34],[-53.63,66.41],[-53.57,66.51],[-53.48,66.58],[-53.44,66.62],[-53.42,66.65],[-53.22,66.72],[-53.11,66.75],[-53.04,66.83],[-52.6,66.85],[-52.49,66.85],[-52.43,66.86],[-52.39,66.88],[-52.43,66.9],[-52.56,66.91],[-52.91,66.91],[-53.23,66.92],[-53.37,66.93],[-53.44,66.92],[-53.56,66.95],[-53.69,66.99],[-53.88,67.14],[-53.81,67.33],[-53.8,67.42],[-53.55,67.5],[-53.41,67.52],[-53.22,67.58],[-52.97,67.69],[-52.67,67.75],[-52.51,67.76],[-52.38,67.75],[-51.91,67.66],[-51.67,67.65],[-51.45,67.67],[-51.18,67.64],[-50.71,67.51],[-50.61,67.53],[-50.64,67.56],[-51.17,67.69],[-51.17,67.73],[-51.03,67.74],[-50.89,67.78],[-50.97,67.81],[-51.32,67.79],[-51.42,67.75],[-51.77,67.74],[-51.94,67.77],[-52.1,67.78],[-52.34,67.84],[-52.55,67.82],[-52.67,67.79],[-52.9,67.77],[-52.98,67.76],[-53.42,67.57],[-53.6,67.54],[-53.74,67.55],[-53.64,67.67],[-53.62,67.72],[-53.62,67.77],[-53.58,67.84],[-53.35,67.97],[-53.21,68.12],[-53.15,68.21],[-53.04,68.22],[-52.89,68.2],[-52.44,68.15],[-52.06,68.08],[-51.78,68.06],[-51.6,68.05],[-51.52,68.08],[-51.46,68.12],[-51.43,68.14],[-51.41,68.2],[-51.39,68.22],[-51.33,68.24],[-51.21,68.33],[-51.17,68.39],[-51.21,68.42],[-51.29,68.42],[-51.46,68.39],[-51.48,68.38],[-51.48,68.37],[-51.63,68.27],[-51.8,68.25],[-52.2,68.22],[-52.38,68.22],[-52.7,68.26],[-52.75,68.28],[-52.78,68.31],[-53.17,68.3],[-53.29,68.29],[-53.38,68.3],[-53.34,68.35],[-53.21,68.41],[-53.04,68.61],[-52.89,68.66],[-52.6,68.71],[-52.3,68.7],[-51.78,68.55],[-51.62,68.53],[-51.48,68.55],[-51.13,68.6],[-51.07,68.62],[-50.95,68.68],[-50.8,68.79],[-50.81,68.82],[-51.03,68.76],[-51.15,68.74],[-51.25,68.74],[-51.16,68.94],[-51.12,69.09],[-51.08,69.13],[-50.79,69.12],[-50.39,69.14],[-50.3,69.17],[-50.3,69.19],[-50.46,69.21],[-50.54,69.25],[-50.67,69.23],[-50.85,69.21],[-51.08,69.21],[-51.06,69.27],[-50.89,69.41],[-50.88,69.47],[-50.81,69.6],[-50.8,69.66],[-50.72,69.73],[-50.46,69.77],[-50.35,69.8],[-50.34,69.83],[-50.5,69.94],[-50.46,69.97],[-50.34,69.99],[-50.29,70.01],[-50.32,70.03],[-50.44,70.04],[-50.61,70.01],[-50.8,70.0],[-50.97,70.04],[-51.11,70.06],[-51.19,70.05],[-51.42,69.99],[-51.5,69.99],[-51.6,70.0],[-52.25,70.06],[-52.34,70.08],[-52.57,70.17],[-52.77,70.23],[-53.02,70.3],[-53.36,70.35],[-53.77,70.39],[-54.01,70.42],[-54.14,70.47],[-54.34,70.57],[-54.5,70.66],[-54.53,70.7],[-54.44,70.75],[-54.34,70.79],[-54.17,70.82],[-53.86,70.81],[-53.69,70.8],[-53.51,70.77],[-53.38,70.76],[-53.09,70.77],[-52.8,70.75],[-52.63,70.73],[-52.41,70.69],[-51.78,70.5],[-51.52,70.44],[-51.41,70.43],[-50.95,70.36],[-50.87,70.36],[-50.68,70.4],[-50.66,70.42],[-50.73,70.44],[-50.93,70.45],[-51.17,70.53],[-51.32,70.59],[-51.34,70.69],[-51.32,70.74],[-51.28,70.77],[-51.26,70.85],[-51.4,70.9],[-51.49,70.92],[-51.75,70.99],[-51.77,71.01],[-51.65,71.02],[-51.53,71.01],[-51.27,70.98],[-51.13,70.97],[-51.03,70.99],[-51.02,71.0],[-51.18,71.04],[-51.38,71.12],[-51.79,71.13],[-52.06,71.12],[-52.23,71.15],[-52.42,71.19],[-52.53,71.2],[-52.77,71.17],[-52.9,71.17],[-53.01,71.18],[-53.12,71.31],[-53.09,71.35],[-53.0,71.37],[-52.94,71.41],[-52.89,71.46],[-52.75,71.5],[-51.97,71.6],[-51.77,71.67],[-51.78,71.68],[-51.91,71.67],[-52.08,71.64],[-52.2,71.63],[-52.66,71.67],[-52.73,71.66],[-52.91,71.6],[-53.17,71.54],[-53.28,71.54],[-53.44,71.58],[-53.46,71.61],[-53.48,71.64],[-53.3,71.69],[-53.25,71.71],[-53.14,71.78],[-53.14,71.81],[-53.33,71.79],[-53.36,71.82],[-53.36,71.87],[-53.37,71.94],[-53.42,72.0],[-53.58,72.1],[-53.64,72.12],[-53.69,72.16],[-53.81,72.29],[-53.78,72.33],[-53.67,72.35],[-53.65,72.36],[-53.9,72.34],[-53.93,72.32],[-53.88,72.28],[-53.85,72.24],[-53.83,72.18],[-53.79,72.13],[-53.7,72.08],[-53.63,72.05],[-53.51,71.98],[-53.46,71.89],[-53.48,71.85],[-53.57,71.81],[-53.72,71.76],[-53.76,71.72],[-53.78,71.68],[-53.89,71.64],[-53.96,71.66],[-54.02,71.66],[-53.95,71.59],[-53.91,71.53],[-53.96,71.46],[-54.1,71.42],[-54.17,71.42],[-54.32,71.38],[-54.69,71.37],[-54.82,71.38],[-55.06,71.41],[-55.34,71.43],[-55.45,71.47],[-55.59,71.55],[-55.67,71.63],[-55.67,71.69],[-55.63,71.74],[-55.55,71.77],[-55.45,71.96],[-55.32,72.11],[-54.97,72.27],[-54.87,72.33],[-54.84,72.36],[-54.84,72.38],[-54.9,72.39],[-55.32,72.2],[-55.58,72.18],[-55.66,72.22],[-55.64,72.3],[-55.59,72.32],[-55.38,72.31],[-55.3,72.35],[-55.43,72.42],[-55.57,72.44],[-55.6,72.45],[-55.46,72.5],[-55.12,72.5],[-55.05,72.53],[-54.92,72.57],[-54.79,72.64],[-54.74,72.7],[-54.73,72.75],[-54.76,72.79],[-54.76,72.83],[-54.74,72.87],[-54.77,72.92],[-54.87,72.97],[-55.07,73.02],[-55.13,72.96],[-55.2,72.94],[-55.29,72.93],[-55.37,72.96],[-55.46,72.96],[-55.55,72.98],[-55.63,72.99],[-55.67,73.01],[-55.69,73.05],[-55.69,73.11],[-55.59,73.14],[-55.45,73.16],[-55.36,73.2],[-55.3,73.26],[-55.29,73.33],[-55.33,73.4],[-55.45,73.46],[-55.66,73.4],[-55.74,73.38],[-55.76,73.43],[-55.79,73.46],[-55.88,73.5],[-55.99,73.54],[-56.1,73.56],[-56.11,73.59],[-56.08,73.63],[-56.03,73.67],[-55.97,73.76],[-55.9,73.75],[-55.84,73.76],[-55.87,73.83],[-55.93,73.9],[-56.0,73.93],[-56.0,73.95],[-56.01,73.96],[-56.07,74.01],[-56.12,74.04],[-56.23,74.13],[-56.3,74.16],[-56.39,74.18],[-56.49,74.18],[-56.66,74.16],[-56.95,74.13],[-57.19,74.12],[-57.23,74.13],[-57.11,74.16],[-56.94,74.2],[-56.71,74.22],[-56.64,74.28],[-56.66,74.33],[-56.65,74.38],[-56.72,74.43],[-56.66,74.46],[-56.45,74.49],[-56.35,74.49],[-56.26,74.53],[-56.52,74.61],[-56.8,74.67],[-56.87,74.69],[-56.93,74.73],[-56.99,74.79],[-57.07,74.84],[-57.19,74.89],[-57.36,74.95],[-57.81,75.04],[-57.97,75.11],[-58.11,75.2],[-58.18,75.25],[-58.25,75.28],[-58.57,75.35],[-58.6,75.39],[-58.28,75.47],[-58.25,75.51],[-58.38,75.61],[-58.52,75.69],[-58.66,75.72],[-58.88,75.73],[-59.08,75.76],[-59.26,75.82],[-59.45,75.86],[-59.72,75.9],[-60.17,75.99],[-60.87,76.1],[-61.19,76.16],[-61.37,76.18],[-61.62,76.19],[-62.1,76.24],[-62.5,76.26],[-62.74,76.25],[-62.82,76.26],[-63.01,76.32],[-63.29,76.35],[-63.44,76.34],[-63.62,76.28],[-63.84,76.22],[-63.96,76.21],[-64.14,76.26],[-64.22,76.3],[-64.31,76.32],[-64.39,76.3],[-64.54,76.25],[-64.69,76.22],[-64.91,76.17],[-65.0,76.16],[-65.0,79.72],[-64.99,79.74],[-64.9,79.88],[-64.84,79.97],[-64.79,80.0],[-64.63,80.04],[-64.47,80.07],[-64.18,80.1],[-64.21,80.11],[-64.33,80.13],[-64.44,80.14],[-64.54,80.14],[-64.74,80.1],[-64.98,80.08],[-65.0,80.08],[-65.0,80.86],[-64.69,80.97],[-64.52,81],[-63.89,81.06],[-63.72,81.06],[-63.58,81.04],[-63.44,81.01],[-63.06,80.89],[-63.03,80.89],[-63.1,80.94],[-63.24,81.08],[-63.21,81.14],[-62.99,81.21],[-62.9,81.22],[-62.67,81.21],[-62.3,81.19],[-62.05,81.17],[-61.86,81.14],[-61.64,81.12],[-61.52,81.12],[-61.44,81.13],[-61.32,81.19],[-61.16,81.28],[-61.1,81.4],[-61.13,81.53],[-61.18,81.63],[-61.24,81.69],[-61.2,81.75],[-61.02,81.81],[-60.84,81.86],[-60.43,81.92],[-60.1,81.94],[-59.9,81.93],[-59.64,81.9],[-59.28,81.88],[-58.96,81.83],[-58.43,81.69],[-58.08,81.62],[-57.79,81.59],[-57.5,81.54],[-57.08,81.43],[-56.86,81.38],[-56.73,81.37],[-56.62,81.36],[-56.66,81.39],[-56.86,81.46],[-57.17,81.53],[-57.85,81.66],[-58.23,81.75],[-58.57,81.86],[-58.82,81.92],[-59.27,81.98],[-59.26,82.01],[-58.72,82.09],[-57.72,82.17],[-56.59,82.23],[-56.21,82.22],[-55.55,82.25],[-55.49,82.28],[-55.34,82.3],[-54.73,82.35],[-54.55,82.35],[-54.28,82.33],[-53.99,82.28],[-53.85,82.24],[-53.67,82.16],[-53.58,82.06],[-53.6,81.74],[-53.59,81.68],[-53.56,81.65],[-53.43,81.69],[-53.28,81.75],[-53.15,81.8],[-53.04,81.87],[-52.97,81.97],[-52.93,82.04],[-53.1,82.12],[-53.11,82.25],[-53.02,82.32],[-52.78,82.32],[-51.75,82.08],[-51.35,82.03],[-50.89,81.9],[-50.36,81.91],[-49.87,81.89],[-49.65,81.9],[-49.54,81.92],[-49.69,81.97],[-50.39,82.12],[-50.71,82.24],[-50.94,82.38],[-50.99,82.46],[-50.82,82.47],[-50.04,82.47],[-48.86,82.41],[-47.36,82.17],[-46.62,82.1],[-45.29,81.83],[-44.89,81.79],[-44.73,81.78],[-44.61,81.81],[-44.53,81.85],[-44.53,81.9],[-44.59,81.96],[-44.63,82.03],[-44.64,82.1],[-44.55,82.26],[-44.33,82.31],[-44.24,82.37],[-44.33,82.47],[-44.58,82.54],[-45.55,82.73],[-45.56,82.75],[-45.36,82.77],[-45.07,82.78],[-42.65,82.74],[-42.23,82.73],[-42.05,82.71],[-41.98,82.69],[-41.88,82.68],[-41.36,82.7],[-41.37,82.75],[-41.43,82.78],[-44.24,82.86],[-44.76,82.88],[-45.03,82.89],[-45.3,82.87],[-45.87,82.85],[-46.14,82.86],[-46.48,82.95],[-46.17,83.06],[-45.91,83.06],[-45.41,83.02],[-45.12,83.08],[-44.66,83.13],[-44.2,83.15],[-43.19,83.26],[-43.01,83.26],[-42.78,83.26],[-42.26,83.23],[-42.05,83.21],[-41.82,83.15],[-41.68,83.13],[-41.52,83.13],[-41.3,83.1],[-40.98,83.18],[-40.69,83.28],[-40.36,83.33],[-39.89,83.3],[-39.59,83.26],[-39.32,83.2],[-38.93,83.18],[-38.28,83.0],[-38.16,83.0],[-38.1,83.01],[-38.04,83.05],[-38.01,83.09],[-37.93,83.16],[-37.99,83.19],[-38.54,83.26],[-38.64,83.29],[-38.75,83.33],[-38.75,83.37],[-38.65,83.4],[-38.54,83.41],[-38.19,83.4],[-38.07,83.41],[-37.96,83.44],[-37.83,83.49],[-37.72,83.5],[-37.49,83.5],[-37.12,83.47],[-36.8,83.47],[-36.69,83.48],[-36.67,83.51],[-36.64,83.53],[-36.61,83.54],[-35.45,83.54],[-35.17,83.55],[-34.94,83.57],[-34.67,83.57],[-34.43,83.56],[-34.13,83.53],[-33.84,83.53],[-33.4,83.58],[-32.98,83.6],[-30.7,83.59],[-29.95,83.56]]],[[[17.98,59.33],[18.13,59.32],[18.21,59.33],[18.27,59.37],[18.34,59.38],[18.4,59.37],[18.46,59.4],[18.51,59.41],[18.56,59.39],[18.62,59.33],[18.5,59.29],[18.41,59.29],[18.37,59.18],[18.32,59.13],[18.29,59.11],[18.1,59.06],[17.97,59.0],[17.83,58.95],[17.77,58.97],[17.67,58.92],[17.46,58.86],[17.35,58.78],[17.1,58.71],[16.98,58.65],[16.64,58.65],[16.32,58.66],[16.21,58.64],[16.32,58.63],[16.39,58.6],[16.48,58.61],[16.68,58.6],[16.79,58.59],[16.92,58.49],[16.82,58.46],[16.65,58.43],[16.72,58.3],[16.77,58.21],[16.7,58.16],[16.69,57.92],[16.6,57.91],[16.56,57.81],[16.59,57.76],[16.58,57.64],[16.6,57.57],[16.65,57.5],[16.63,57.43],[16.48,57.27],[16.48,57.19],[16.51,57.14],[16.53,57.07],[16.46,56.93],[16.41,56.81],[16.35,56.71],[16.22,56.59],[16.15,56.5],[16.0,56.22],[15.92,56.17],[15.83,56.12],[15.72,56.16],[15.63,56.19],[15.51,56.18],[15.33,56.15],[15.05,56.17],[14.78,56.16],[14.71,56.13],[14.75,56.03],[14.66,56.02],[14.56,56.05],[14.47,56.01],[14.4,55.98],[14.26,55.89],[14.22,55.83],[14.2,55.73],[14.28,55.64],[14.34,55.53],[14.17,55.4],[14.08,55.39],[13.81,55.43],[13.32,55.35],[12.89,55.41],[12.94,55.48],[12.94,55.53],[12.96,55.61],[12.98,55.69],[12.97,55.75],[12.94,55.81],[12.83,55.88],[12.59,56.14],[12.52,56.25],[12.47,56.29],[12.51,56.29],[12.71,56.24],[12.75,56.24],[12.8,56.26],[12.74,56.35],[12.69,56.38],[12.66,56.44],[12.77,56.46],[12.86,56.45],[12.92,56.52],[12.88,56.62],[12.79,56.65],[12.72,56.66],[12.57,56.82],[12.42,56.91],[12.15,57.23],[12.05,57.45],[11.96,57.43],[11.92,57.52],[11.89,57.61],[11.88,57.68],[11.73,57.72],[11.73,57.76],[11.7,57.97],[11.55,58.0],[11.45,58.12],[11.43,58.34],[11.33,58.38],[11.25,58.37],[11.25,58.42],[11.27,58.48],[11.22,58.68],[11.21,58.87],[11.17,58.92],[11.15,58.99],[11.17,59.05],[11.2,59.08],[11.3,59.09],[11.39,59.04],[11.39,59.07],[11.37,59.1],[11.13,59.14],[11.09,59.14],[11.0,59.16],[10.95,59.17],[10.83,59.18],[10.74,59.3],[10.64,59.39],[10.63,59.43],[10.63,59.6],[10.6,59.68],[10.6,59.76],[10.53,59.7],[10.57,59.59],[10.49,59.54],[10.4,59.52],[10.41,59.46],[10.45,59.44],[10.45,59.38],[10.43,59.28],[10.24,59.06],[10.21,59.04],[10.18,59.01],[10.08,59.03],[9.96,58.97],[9.84,58.96],[9.8,59.03],[9.64,59.12],[9.56,59.11],[9.63,59.07],[9.7,59.01],[9.66,58.97],[9.62,58.95],[9.55,58.93],[9.31,58.86],[9.4,58.81],[9.32,58.75],[9.24,58.74],[9.19,58.71],[9.18,58.67],[8.93,58.57],[8.52,58.3],[8.31,58.22],[8.17,58.15],[8.04,58.15],[7.88,58.08],[7.47,58.02],[7.19,58.05],[7.0,58.02],[6.9,58.07],[6.89,58.1],[6.9,58.12],[6.91,58.14],[6.88,58.15],[6.8,58.15],[6.77,58.13],[6.77,58.08],[6.73,58.07],[6.59,58.1],[6.56,58.12],[6.61,58.18],[6.69,58.22],[6.68,58.23],[6.66,58.26],[6.62,58.27],[6.49,58.26],[6.39,58.27],[6.05,58.38],[5.98,58.43],[5.71,58.52],[5.59,58.62],[5.52,58.73],[5.52,58.82],[5.56,58.98],[5.61,59.01],[5.85,58.96],[6.1,58.87],[6.14,58.87],[6.21,58.94],[6.36,59.0],[6.32,59.02],[6.1,58.95],[6.02,58.99],[5.89,59.06],[5.89,59.1],[5.95,59.14],[5.97,59.19],[5.94,59.23],[5.95,59.3],[6.05,59.37],[6.2,59.44],[6.31,59.51],[6.42,59.55],[6.4,59.56],[6.28,59.53],[6.16,59.49],[6.02,59.41],[5.85,59.35],[5.72,59.33],[5.66,59.31],[5.56,59.29],[5.47,59.2],[5.36,59.17],[5.17,59.16],[5.13,59.23],[5.19,59.45],[5.24,59.56],[5.3,59.64],[5.4,59.66],[5.47,59.71],[5.53,59.71],[5.58,59.69],[5.77,59.66],[5.87,59.73],[5.99,59.74],[6.22,59.82],[6.21,59.83],[6.06,59.82],[5.97,59.81],[5.83,59.79],[5.76,59.81],[5.73,59.86],[5.78,59.91],[6.0,60.03],[6.07,60.08],[6.11,60.13],[6.11,60.17],[6.14,60.23],[6.35,60.35],[6.52,60.41],[6.57,60.36],[6.53,60.21],[6.53,60.15],[6.66,60.37],[6.72,60.42],[6.79,60.45],[6.95,60.48],[7.0,60.51],[6.81,60.5],[6.35,60.42],[6.15,60.35],[6.1,60.29],[5.97,60.21],[5.9,60.15],[5.88,60.07],[5.8,60.03],[5.7,60.01],[5.56,59.91],[5.49,59.83],[5.35,59.76],[5.26,59.71],[5.23,59.69],[5.19,59.64],[5.15,59.64],[5.11,59.67],[5.1,59.73],[5.12,59.83],[5.19,59.91],[5.22,59.98],[5.17,60.05],[5.21,60.09],[5.27,60.09],[5.38,60.07],[5.49,60.07],[5.69,60.12],[5.66,60.15],[5.57,60.16],[5.42,60.15],[5.29,60.21],[5.18,60.31],[5.14,60.45],[5.17,60.48],[5.55,60.62],[5.65,60.69],[5.59,60.69],[5.45,60.62],[5.24,60.57],[5.12,60.64],[5.05,60.71],[5.01,60.86],[5.02,60.94],[5.01,61.04],[5.1,61.07],[5.19,61.05],[5.29,61.05],[5.51,61.06],[5.98,61.12],[6.29,61.08],[6.42,61.08],[6.61,61.14],[6.78,61.14],[6.9,61.1],[6.97,61.06],[6.98,60.99],[7.04,60.95],[7.08,60.97],[7.05,61.02],[7.04,61.09],[7.55,61.18],[7.6,61.21],[7.4,61.22],[7.35,61.3],[7.45,61.42],[7.44,61.43],[7.33,61.37],[7.28,61.28],[7.3,61.21],[7.28,61.18],[7.17,61.17],[6.94,61.16],[6.79,61.19],[6.66,61.21],[6.61,61.23],[6.63,61.28],[6.6,61.29],[6.54,61.24],[6.49,61.15],[6.38,61.13],[6.08,61.17],[5.65,61.15],[5.45,61.1],[5.32,61.11],[5.11,61.19],[5.02,61.25],[4.99,61.38],[5.0,61.43],[5.17,61.46],[5.26,61.46],[5.34,61.49],[5.27,61.51],[5.17,61.54],[5.1,61.62],[5.0,61.65],[4.93,61.71],[4.91,61.81],[4.93,61.88],[4.99,61.9],[5.12,61.89],[5.47,61.9],[5.79,61.83],[6.02,61.79],[6.47,61.81],[6.73,61.87],[6.68,61.89],[6.4,61.85],[6.13,61.85],[5.66,61.92],[5.47,61.95],[5.27,61.94],[5.16,61.96],[5.1,62.03],[5.14,62.16],[5.24,62.19],[5.29,62.15],[5.36,62.15],[5.42,62.21],[5.48,62.24],[5.53,62.31],[5.72,62.38],[5.8,62.38],[5.91,62.42],[5.98,62.41],[6.03,62.38],[6.08,62.35],[6.21,62.35],[6.58,62.41],[6.62,62.42],[6.69,62.47],[6.46,62.45],[6.26,62.42],[6.14,62.41],[6.12,62.45],[6.16,62.48],[6.24,62.52],[6.27,62.58],[6.35,62.61],[6.44,62.61],[6.62,62.62],[6.74,62.64],[6.96,62.63],[7.28,62.6],[7.49,62.54],[7.57,62.55],[7.65,62.56],[7.69,62.59],[7.53,62.61],[7.52,62.65],[7.54,62.67],[7.8,62.72],[8.1,62.73],[8.05,62.77],[7.41,62.71],[7.24,62.75],[7.11,62.75],[7.02,62.73],[6.78,62.7],[6.73,62.72],[6.78,62.79],[6.93,62.9],[6.94,62.93],[7.01,62.96],[7.39,63.02],[7.57,63.1],[7.65,63.11],[7.74,63.1],[7.86,63.11],[8.1,63.09],[8.21,63.0],[8.31,62.97],[8.62,62.85],[8.61,62.88],[8.34,63.04],[8.24,63.08],[8.16,63.16],[8.18,63.24],[8.27,63.29],[8.58,63.31],[8.64,63.34],[8.64,63.39],[8.59,63.43],[8.48,63.42],[8.39,63.45],[8.36,63.5],[8.4,63.54],[8.58,63.6],[8.67,63.62],[8.84,63.65],[9.14,63.59],[9.16,63.57],[9.08,63.5],[9.08,63.46],[9.16,63.46],[9.32,63.57],[9.52,63.59],[9.6,63.61],[9.7,63.62],[9.83,63.52],[9.89,63.49],[9.94,63.48],[9.98,63.4],[10.02,63.39],[10.08,63.43],[10.19,63.45],[10.34,63.47],[10.59,63.45],[10.7,63.46],[10.76,63.46],[10.71,63.54],[10.67,63.56],[10.73,63.62],[10.78,63.65],[10.95,63.7],[11.12,63.72],[11.23,63.76],[11.37,63.8],[11.35,63.84],[11.31,63.88],[11.21,63.88],[11.18,63.9],[11.29,63.95],[11.46,64.0],[11.43,64.02],[11.31,64.05],[11.21,64.03],[11.08,63.99],[10.91,63.92],[10.97,63.9],[11.05,63.85],[10.93,63.77],[10.34,63.57],[10.06,63.51],[9.92,63.52],[9.89,63.58],[9.83,63.62],[9.77,63.7],[9.66,63.7],[9.59,63.68],[9.57,63.71],[9.61,63.79],[9.71,63.86],[9.86,63.92],[9.94,63.98],[10.01,64.08],[10.24,64.18],[10.57,64.42],[10.83,64.49],[10.93,64.58],[11.09,64.61],[11.23,64.68],[11.33,64.69],[11.52,64.74],[11.63,64.81],[11.56,64.82],[11.39,64.77],[11.3,64.75],[11.3,64.83],[11.35,64.91],[11.49,64.98],[12.16,65.18],[12.23,65.15],[12.31,65.09],[12.51,65.1],[12.74,65.21],[12.92,65.34],[12.82,65.32],[12.72,65.27],[12.51,65.2],[12.42,65.18],[12.36,65.19],[12.33,65.24],[12.26,65.26],[12.2,65.25],[12.13,65.28],[12.12,65.36],[12.21,65.49],[12.27,65.57],[12.34,65.63],[12.63,65.81],[12.69,65.9],[12.82,65.95],[12.98,65.94],[13.03,65.96],[12.98,66.02],[12.79,66.07],[12.78,66.1],[13.39,66.18],[13.67,66.18],[13.76,66.22],[13.92,66.25],[14.03,66.3],[13.97,66.32],[13.68,66.27],[13.5,66.25],[13.42,66.25],[13.35,66.24],[13.12,66.23],[13.07,66.43],[13.1,66.54],[13.19,66.54],[13.21,66.64],[13.31,66.7],[13.45,66.72],[13.52,66.74],[13.62,66.79],[13.79,66.78],[13.96,66.79],[13.92,66.82],[13.7,66.85],[13.65,66.91],[13.73,66.94],[13.81,66.96],[13.88,66.96],[14.02,67.07],[14.11,67.12],[14.21,67.11],[14.34,67.16],[14.47,67.14],[14.6,67.17],[14.78,67.19],[15.42,67.2],[15.43,67.25],[15.3,67.26],[14.82,67.27],[14.58,67.27],[14.48,67.26],[14.44,67.27],[14.45,67.3],[14.54,67.34],[14.58,67.39],[14.75,67.5],[14.96,67.57],[15.12,67.56],[15.29,67.48],[15.41,67.47],[15.47,67.45],[15.55,67.35],[15.59,67.35],[15.58,67.44],[15.69,67.52],[15.66,67.54],[15.49,67.51],[15.35,67.54],[15.25,67.6],[15.22,67.66],[15.28,67.71],[15.35,67.73],[15.3,67.77],[15.04,67.68],[14.85,67.66],[14.78,67.67],[14.82,67.75],[14.8,67.81],[15.05,67.96],[15.13,67.97],[15.27,67.96],[15.4,67.92],[15.51,67.93],[15.62,67.95],[15.61,67.99],[15.36,68.0],[15.29,68.04],[15.32,68.07],[15.49,68.1],[15.66,68.16],[15.85,68.18],[16.01,68.23],[16.04,68.22],[16.06,68.2],[16.12,68.03],[16.26,67.89],[16.31,67.88],[16.26,68.0],[16.31,68.04],[16.37,68.06],[16.39,68.09],[16.32,68.1],[16.26,68.14],[16.17,68.28],[16.2,68.32],[16.39,68.39],[16.62,68.41],[16.86,68.36],[16.95,68.35],[17.09,68.37],[17.34,68.41],[17.48,68.43],[17.55,68.43],[17.57,68.45],[17.5,68.46],[17.48,68.47],[17.43,68.48],[17.2,68.46],[16.58,68.47],[16.53,68.49],[16.51,68.53],[16.58,68.59],[16.65,68.63],[16.88,68.69],[17.13,68.69],[17.39,68.8],[17.49,68.88],[17.55,69.0],[17.7,69.1],[18.1,69.16],[18.12,69.18],[18.08,69.23],[18.08,69.33],[18.19,69.43],[18.26,69.47],[18.29,69.48],[18.38,69.44],[18.48,69.36],[18.65,69.32],[18.86,69.31],[18.92,69.34],[18.75,69.38],[18.62,69.43],[18.61,69.49],[18.67,69.52],[18.77,69.52],[18.88,69.52],[18.99,69.56],[19.01,69.59],[19.01,69.62],[19.04,69.66],[19.2,69.75],[19.69,69.8],[19.72,69.78],[19.7,69.61],[19.64,69.5],[19.64,69.42],[19.74,69.5],[19.86,69.72],[19.96,69.82],[20.07,69.88],[20.15,69.9],[20.22,69.93],[20.32,69.95],[20.36,69.92],[20.39,69.87],[20.33,69.68],[20.34,69.62],[20.28,69.54],[20.04,69.36],[20.05,69.33],[20.11,69.34],[20.2,69.37],[20.49,69.54],[20.74,69.52],[20.74,69.53],[20.66,69.58],[20.56,69.63],[20.53,69.69],[20.55,69.85],[20.62,69.91],[20.84,69.91],[20.97,69.92],[21.03,69.89],[21.16,69.89],[21.25,70.0],[21.43,70.01],[21.59,69.94],[21.78,69.89],[21.93,69.81],[21.97,69.83],[21.89,70.0],[21.8,70.07],[21.61,70.1],[21.4,70.17],[21.35,70.21],[21.36,70.23],[21.54,70.26],[21.78,70.23],[22.0,70.29],[22.05,70.28],[22.22,70.31],[22.32,70.26],[22.38,70.28],[22.42,70.34],[22.68,70.37],[22.85,70.34],[22.94,70.3],[22.98,70.24],[23.05,70.1],[23.18,70.03],[23.26,69.99],[23.35,69.98],[23.4,70.02],[23.31,70.06],[23.29,70.1],[23.33,70.21],[23.38,70.25],[23.66,70.4],[23.9,70.48],[24.04,70.49],[24.29,70.66],[24.36,70.69],[24.42,70.7],[24.4,70.75],[24.27,70.77],[24.26,70.83],[24.44,70.89],[24.66,71.0],[24.76,71.01],[24.83,70.98],[25.04,70.93],[25.17,70.87],[25.26,70.84],[25.33,70.85],[25.38,70.89],[25.44,70.91],[25.57,70.9],[25.65,70.87],[25.71,70.87],[25.77,70.85],[25.78,70.82],[25.67,70.78],[25.47,70.67],[25.27,70.55],[25.21,70.49],[25.15,70.32],[24.99,70.22],[24.98,70.14],[25.04,70.11],[25.21,70.14],[25.42,70.24],[25.47,70.34],[25.99,70.63],[26.23,70.78],[26.51,70.91],[26.66,70.94],[26.73,70.85],[26.68,70.74],[26.56,70.67],[26.64,70.64],[26.63,70.55],[26.6,70.5],[26.58,70.45],[26.59,70.41],[26.67,70.42],[26.99,70.51],[27.07,70.61],[27.15,70.68],[27.18,70.74],[27.31,70.8],[27.55,70.8],[27.56,70.83],[27.27,70.91],[27.24,70.95],[27.33,71.0],[27.6,71.09],[27.73,71.08],[27.82,71.06],[28.14,71.04],[28.39,70.98],[28.38,70.87],[28.33,70.83],[28.27,70.8],[27.95,70.72],[27.9,70.68],[28.0,70.66],[28.22,70.7],[28.27,70.67],[28.2,70.58],[28.19,70.44],[28.17,70.36],[28.17,70.29],[28.19,70.25],[28.28,70.4],[28.31,70.44],[28.44,70.5],[28.48,70.62],[28.61,70.76],[28.75,70.84],[28.83,70.86],[29.1,70.86],[29.22,70.83],[29.32,70.76],[29.4,70.73],[29.64,70.71],[29.72,70.67],[29.74,70.65],[29.8,70.64],[29.96,70.69],[30.0,70.7],[30.0,70.1],[29.93,70.1],[28.78,70.15],[28.8,70.09],[29.6,69.98],[29.65,69.94],[29.62,69.87],[29.62,69.82],[29.64,69.78],[29.69,69.74],[29.79,69.73],[29.99,69.74],[30.0,69.73],[30.0,45.0],[30.0,45.8],[29.9,45.75],[29.82,45.73],[29.69,45.75],[29.63,45.72],[29.6,45.68],[29.6,45.6],[29.67,45.54],[29.73,45.34],[29.71,45.26],[29.69,45.19],[29.68,45.15],[29.64,45.0],[14.89,45.0],[14.85,45.08],[14.63,45.22],[14.55,45.3],[14.39,45.34],[14.31,45.34],[14.27,45.28],[14.24,45.16],[14.09,45.0],[13.73,45.0],[13.63,45.11],[13.61,45.16],[13.6,45.23],[13.52,45.48],[13.58,45.52],[13.64,45.54],[13.72,45.59],[13.78,45.63],[13.63,45.77],[13.56,45.77],[13.47,45.71],[13.21,45.77],[13.16,45.75],[13.12,45.7],[13.03,45.64],[12.9,45.61],[12.76,45.54],[12.61,45.5],[12.5,45.46],[12.43,45.47],[12.54,45.54],[12.49,45.55],[12.35,45.49],[12.27,45.45],[12.25,45.37],[12.23,45.24],[12.29,45.21],[12.39,45.04],[12.47,45.0],[-1.21,45.0],[-1.19,45.16],[-1.15,45.34],[-1.08,45.53],[-0.94,45.46],[-0.83,45.38],[-0.77,45.31],[-0.69,45.09],[-0.63,45.05],[-0.55,45.0],[-0.58,45.05],[-0.64,45.09],[-0.73,45.38],[-0.79,45.47],[-0.88,45.54],[-1.17,45.69],[-1.2,45.71],[-1.21,45.77],[-1.11,45.77],[-1.03,45.74],[-1.04,45.77],[-1.07,45.81],[-1.1,45.93],[-1.14,46.2],[-1.13,46.25],[-1.15,46.31],[-1.24,46.32],[-1.31,46.33],[-1.39,46.35],[-1.79,46.51],[-1.92,46.68],[-2.06,46.81],[-2.09,46.87],[-2.09,46.92],[-2.02,47.04],[-2.08,47.11],[-2.14,47.13],[-2.2,47.16],[-2.15,47.22],[-2.11,47.26],[-2.03,47.27],[-1.92,47.26],[-1.82,47.23],[-1.74,47.22],[-1.98,47.31],[-2.35,47.28],[-2.43,47.29],[-2.5,47.31],[-2.53,47.38],[-2.48,47.41],[-2.43,47.47],[-2.48,47.51],[-2.55,47.53],[-2.67,47.53],[-2.77,47.51],[-2.8,47.54],[-2.73,47.6],[-2.79,47.63],[-2.86,47.61],[-2.96,47.6],[-3.06,47.62],[-3.16,47.69],[-3.22,47.69],[-3.26,47.69],[-3.33,47.71],[-3.4,47.72],[-3.44,47.71],[-3.51,47.75],[-3.9,47.84],[-4.07,47.85],[-4.23,47.81],[-4.31,47.82],[-4.38,47.88],[-4.43,47.97],[-4.68,48.04],[-4.63,48.09],[-4.51,48.1],[-4.38,48.13],[-4.33,48.17],[-4.43,48.22],[-4.51,48.23],[-4.54,48.25],[-4.58,48.29],[-4.53,48.31],[-4.5,48.3],[-4.4,48.29],[-4.24,48.3],[-4.3,48.35],[-4.36,48.36],[-4.39,48.37],[-4.52,48.37],[-4.58,48.36],[-4.72,48.36],[-4.75,48.41],[-4.76,48.45],[-4.72,48.54],[-4.53,48.62],[-4.06,48.71],[-3.86,48.69],[-3.71,48.71],[-3.55,48.77],[-3.47,48.81],[-3.23,48.84],[-3.0,48.79],[-2.79,48.6],[-2.69,48.54],[-2.45,48.65],[-2.08,48.65],[-2.0,48.58],[-1.97,48.64],[-1.91,48.7],[-1.85,48.67],[-1.82,48.63],[-1.44,48.64],[-1.38,48.65],[-1.48,48.7],[-1.57,48.81],[-1.58,49.2],[-1.69,49.31],[-1.81,49.49],[-1.87,49.6],[-1.88,49.63],[-1.86,49.68],[-1.71,49.68],[-1.59,49.67],[-1.37,49.71],[-1.26,49.68],[-1.26,49.6],[-1.23,49.49],[-1.19,49.44],[-1.14,49.39],[-0.96,49.39],[-0.77,49.36],[-0.52,49.35],[-0.16,49.3],[-0.01,49.33],[0.14,49.4],[0.42,49.45],[0.44,49.47],[0.28,49.46],[0.13,49.51],[0.11,49.56],[0.13,49.6],[0.19,49.7],[0.62,49.86],[0.92,49.91],[1.25,50.0],[1.41,50.09],[1.51,50.21],[1.55,50.23],[1.59,50.25],[1.55,50.29],[1.58,50.74],[1.61,50.82],[1.67,50.89],[1.77,50.94],[1.91,50.99],[2.45,51.07],[2.52,51.1],[2.96,51.27],[3.23,51.35],[3.35,51.38],[3.43,51.39],[3.59,51.4],[3.72,51.37],[3.88,51.35],[4.01,51.4],[4.11,51.36],[4.23,51.39],[4.14,51.4],[4.01,51.44],[3.82,51.41],[3.69,51.45],[3.59,51.45],[3.52,51.49],[3.45,51.54],[3.5,51.58],[3.55,51.59],[3.74,51.6],[3.89,51.57],[4.14,51.46],[4.21,51.46],[4.27,51.47],[4.24,51.5],[4.18,51.52],[4.08,51.55],[4.0,51.6],[4.18,51.61],[4.16,51.63],[4.13,51.67],[3.95,51.81],[3.98,51.85],[4.03,51.93],[4.08,51.99],[4.13,52.01],[4.21,52.06],[4.38,52.2],[4.48,52.31],[4.56,52.44],[4.68,52.81],[4.71,52.87],[4.77,52.94],[4.84,52.93],[4.89,52.91],[5.06,52.96],[5.36,53.1],[5.45,53.21],[5.53,53.27],[5.87,53.38],[6.06,53.41],[6.35,53.42],[6.56,53.43],[6.82,53.44],[6.91,53.38],[6.97,53.33],[7.06,53.3],[7.2,53.28],[7.15,53.33],[7.05,53.38],[7.07,53.48],[7.11,53.56],[7.21,53.65],[7.29,53.68],[7.63,53.7],[8.01,53.69],[8.17,53.54],[8.11,53.47],[8.2,53.43],[8.25,53.45],[8.28,53.51],[8.3,53.58],[8.33,53.61],[8.45,53.55],[8.49,53.51],[8.5,53.39],[8.54,53.56],[8.51,53.67],[8.53,53.78],[8.58,53.84],[8.62,53.88],[8.9,53.84],[9.21,53.86],[9.32,53.81],[9.59,53.6],[9.67,53.57],[9.78,53.55],[9.63,53.6],[9.31,53.86],[9.22,53.89],[9.07,53.9],[8.98,53.93],[8.92,53.97],[8.9,54.0],[8.91,54.26],[8.85,54.3],[8.78,54.31],[8.74,54.3],[8.64,54.29],[8.63,54.35],[8.65,54.4],[8.83,54.43],[8.95,54.47],[8.96,54.54],[8.88,54.59],[8.79,54.7],[8.68,54.79],[8.66,54.99],[8.64,55.05],[8.57,55.13],[8.67,55.16],[8.65,55.33],[8.62,55.42],[8.35,55.51],[8.13,55.6],[8.18,55.9],[8.2,55.98],[8.12,56.14],[8.13,56.32],[8.16,56.61],[8.23,56.62],[8.28,56.62],[8.47,56.57],[8.55,56.56],[8.61,56.51],[8.67,56.5],[8.72,56.54],[8.74,56.63],[8.89,56.74],[8.99,56.77],[9.07,56.79],[9.14,56.75],[9.2,56.7],[9.21,56.81],[9.25,57.01],[9.11,57.04],[8.99,57.02],[8.88,56.89],[8.77,56.73],[8.6,56.71],[8.47,56.66],[8.35,56.71],[8.27,56.75],[8.27,56.82],[8.28,56.85],[8.43,56.98],[8.62,57.11],[8.81,57.11],[8.95,57.15],[9.04,57.16],[9.3,57.15],[9.43,57.17],[9.55,57.23],[9.82,57.48],[9.96,57.58],[10.26,57.62],[10.53,57.74],[10.61,57.74],[10.48,57.65],[10.46,57.61],[10.44,57.56],[10.54,57.45],[10.52,57.38],[10.52,57.24],[10.44,57.17],[10.34,57.02],[10.3,57.0],[10.29,56.82],[10.3,56.78],[10.28,56.62],[10.38,56.55],[10.49,56.52],[10.85,56.52],[10.88,56.49],[10.93,56.44],[10.89,56.36],[10.86,56.3],[10.75,56.24],[10.62,56.2],[10.54,56.2],[10.43,56.28],[10.37,56.25],[10.32,56.21],[10.23,56.01],[10.18,55.87],[10.16,55.85],[10.11,55.87],[10.02,55.88],[9.9,55.84],[9.96,55.81],[10.02,55.76],[10.0,55.74],[9.9,55.71],[9.81,55.65],[9.77,55.61],[9.66,55.56],[9.59,55.49],[9.63,55.41],[9.64,55.34],[9.67,55.27],[9.64,55.2],[9.5,55.12],[9.45,55.04],[9.57,55.04],[9.65,55.02],[9.69,55.0],[9.73,54.97],[9.71,54.93],[9.75,54.81],[9.89,54.78],[9.95,54.74],[10.02,54.67],[10.03,54.58],[9.94,54.51],[9.87,54.47],[10.14,54.49],[10.17,54.45],[10.21,54.41],[10.36,54.44],[10.73,54.32],[10.96,54.38],[11.01,54.38],[11.06,54.28],[11.01,54.18],[10.81,54.08],[10.85,54.01],[10.92,54.0],[11.1,54.01],[11.4,53.94],[11.46,53.96],[11.7,54.11],[11.8,54.15],[12.11,54.17],[12.17,54.23],[12.3,54.28],[12.38,54.35],[12.58,54.47],[12.78,54.45],[12.9,54.42],[13.03,54.41],[13.15,54.28],[13.45,54.14],[13.72,54.15],[13.82,54.02],[13.87,53.85],[13.95,53.8],[14.03,53.77],[14.25,53.73],[14.49,53.67],[14.58,53.64],[14.57,53.68],[14.55,53.71],[14.56,53.75],[14.56,53.82],[14.35,53.86],[14.17,53.87],[14.05,53.86],[13.93,53.88],[13.9,53.94],[13.92,54.0],[13.87,54.04],[13.83,54.06],[13.82,54.09],[13.83,54.13],[14.04,54.03],[14.21,53.95],[14.25,53.93],[14.38,53.92],[14.72,54.02],[15.29,54.14],[15.9,54.25],[16.04,54.27],[16.19,54.29],[16.24,54.33],[16.29,54.36],[16.38,54.44],[16.56,54.55],[16.89,54.6],[17.01,54.65],[17.26,54.73],[17.84,54.82],[18.09,54.84],[18.32,54.84],[18.54,54.77],[18.76,54.68],[18.8,54.63],[18.68,54.67],[18.5,54.74],[18.44,54.74],[18.59,54.51],[18.67,54.43],[18.84,54.37],[18.98,54.35],[19.41,54.39],[19.56,54.43],[19.6,54.46],[19.76,54.54],[19.86,54.63],[19.94,54.75],[19.95,54.83],[19.97,54.92],[20.11,54.96],[20.4,54.95],[20.52,54.99],[20.68,55.1],[20.85,55.23],[20.9,55.29],[21.01,55.4],[21.06,55.48],[21.09,55.58],[21.11,55.62],[21.12,55.57],[21.1,55.49],[21.03,55.35],[20.86,55.18],[20.59,54.98],[20.68,54.96],[20.77,54.95],[20.89,54.91],[21.0,54.9],[21.19,54.94],[21.22,55.11],[21.24,55.27],[21.2,55.34],[21.24,55.46],[21.17,55.62],[21.06,55.81],[21.05,56.02],[21.05,56.07],[21.01,56.26],[21.03,56.64],[21.07,56.82],[21.26,56.93],[21.35,57.02],[21.41,57.13],[21.42,57.24],[21.46,57.32],[21.73,57.57],[21.94,57.6],[22.23,57.67],[22.55,57.72],[22.62,57.65],[22.65,57.6],[23.04,57.39],[23.14,57.32],[23.29,57.09],[23.65,56.97],[23.93,57.01],[24.05,57.07],[24.28,57.17],[24.38,57.25],[24.4,57.33],[24.36,57.65],[24.3,57.78],[24.32,57.87],[24.33,57.91],[24.46,58.11],[24.49,58.26],[24.54,58.28],[24.55,58.3],[24.53,58.35],[24.39,58.39],[24.34,58.38],[24.29,58.33],[24.24,58.29],[24.11,58.27],[24.01,58.31],[23.77,58.36],[23.71,58.43],[23.69,58.51],[23.56,58.58],[23.51,58.66],[23.53,58.72],[23.65,58.75],[23.68,58.79],[23.53,58.78],[23.5,58.79],[23.5,58.82],[23.43,58.92],[23.49,58.96],[23.52,59.0],[23.47,59.03],[23.48,59.07],[23.52,59.11],[23.49,59.2],[23.64,59.24],[23.78,59.28],[24.08,59.29],[24.05,59.37],[24.18,59.38],[24.38,59.47],[24.58,59.46],[24.88,59.52],[25.44,59.52],[25.52,59.56],[25.51,59.6],[25.51,59.64],[25.62,59.63],[25.79,59.63],[26.46,59.55],[26.62,59.55],[26.85,59.47],[26.97,59.45],[27.34,59.45],[27.89,59.41],[28.0,59.47],[28.01,59.48],[28.06,59.55],[28.05,59.65],[28.01,59.72],[28.06,59.78],[28.13,59.79],[28.21,59.72],[28.33,59.69],[28.42,59.73],[28.45,59.81],[28.52,59.85],[28.6,59.82],[28.75,59.81],[28.87,59.81],[28.95,59.83],[28.98,59.85],[29.01,59.9],[29.08,59.96],[29.15,60.0],[29.67,59.96],[30.0,59.9],[30.0,60.02],[29.98,60.03],[29.87,60.12],[29.72,60.2],[29.57,60.2],[29.37,60.18],[29.07,60.19],[28.81,60.33],[28.64,60.38],[28.52,60.48],[28.49,60.54],[28.62,60.49],[28.64,60.54],[28.65,60.61],[28.58,60.65],[28.51,60.68],[28.18,60.57],[27.8,60.54],[27.76,60.53],[27.67,60.5],[27.53,60.49],[27.46,60.46],[27.24,60.54],[27.21,60.54],[27.08,60.53],[26.95,60.47],[26.72,60.46],[26.61,60.44],[26.53,60.41],[26.52,60.47],[26.55,60.55],[26.6,60.6],[26.61,60.63],[26.57,60.62],[26.5,60.55],[26.46,60.47],[26.38,60.42],[26.2,60.41],[26.04,60.47],[25.96,60.47],[26.01,60.43],[26.04,60.37],[26.04,60.34],[25.95,60.35],[25.85,60.31],[25.76,60.27],[25.72,60.27],[25.66,60.33],[25.55,60.3],[25.46,60.26],[25.27,60.25],[25.16,60.19],[24.96,60.16],[24.85,60.16],[24.6,60.11],[24.52,60.05],[24.45,60.02],[24.34,60.04],[24.03,60.01],[23.72,59.97],[23.59,59.97],[23.46,59.99],[23.33,59.93],[23.18,59.84],[23.02,59.82],[22.96,59.83],[23.01,59.87],[23.12,59.91],[23.19,59.97],[23.2,60.02],[23.15,60.04],[23.08,60.05],[22.99,60.1],[22.91,60.21],[22.87,60.22],[22.84,60.19],[22.82,60.1],[22.79,60.08],[22.75,60.06],[22.7,60.04],[22.65,60.03],[22.46,60.03],[22.44,60.07],[22.44,60.09],[22.47,60.15],[22.44,60.16],[22.47,60.2],[22.51,60.2],[22.56,60.21],[22.59,60.23],[22.59,60.26],[22.52,60.26],[22.51,60.28],[22.58,60.36],[22.58,60.38],[22.56,60.39],[22.52,60.38],[22.26,60.4],[21.93,60.5],[21.85,60.51],[21.81,60.59],[21.73,60.58],[21.61,60.53],[21.53,60.57],[21.44,60.6],[21.41,60.64],[21.41,60.7],[21.4,60.77],[21.38,60.85],[21.36,60.97],[21.38,61.06],[21.45,61.13],[21.48,61.17],[21.51,61.28],[21.52,61.41],[21.5,61.45],[21.51,61.48],[21.57,61.48],[21.55,61.51],[21.53,61.52],[21.5,61.55],[21.52,61.57],[21.59,61.57],[21.6,61.58],[21.61,61.59],[21.55,61.67],[21.55,61.7],[21.47,61.81],[21.38,61.91],[21.26,61.99],[21.3,62.11],[21.35,62.22],[21.34,62.28],[21.32,62.34],[21.17,62.41],[21.14,62.51],[21.1,62.62],[21.12,62.69],[21.14,62.74],[21.2,62.79],[21.46,62.95],[21.47,63.03],[21.65,63.04],[21.57,63.11],[21.55,63.16],[21.55,63.2],[21.8,63.24],[21.9,63.21],[22.12,63.24],[22.32,63.31],[22.32,63.35],[22.29,63.38],[22.24,63.44],[22.27,63.45],[22.35,63.44],[22.31,63.47],[22.32,63.5],[22.4,63.49],[22.53,63.58],[22.53,63.65],[22.76,63.68],[23.01,63.82],[23.13,63.86],[23.25,63.9],[23.49,64.03],[23.6,64.04],[23.65,64.13],[23.86,64.26],[23.92,64.27],[24.02,64.39],[24.28,64.52],[24.44,64.68],[24.53,64.74],[24.56,64.8],[24.66,64.81],[24.75,64.85],[24.94,64.88],[25.13,64.88],[25.21,64.85],[25.29,64.86],[25.28,64.92],[25.23,64.95],[25.27,64.98],[25.37,65.01],[25.36,65.07],[25.34,65.1],[25.26,65.14],[25.3,65.24],[25.31,65.35],[25.35,65.48],[25.24,65.55],[24.84,65.66],[24.76,65.66],[24.67,65.67],[24.58,65.76],[24.62,65.83],[24.63,65.86],[24.59,65.86],[24.53,65.82],[24.4,65.78],[24.24,65.81],[24.16,65.81],[23.89,65.78],[23.69,65.83],[23.59,65.81],[23.42,65.8],[23.22,65.79],[23.15,65.75],[23.1,65.74],[22.92,65.79],[22.75,65.87],[22.62,65.81],[22.54,65.79],[22.47,65.85],[22.4,65.86],[22.37,65.84],[22.34,65.79],[22.29,65.75],[22.27,65.72],[22.27,65.62],[22.25,65.6],[22.09,65.61],[22.1,65.58],[22.13,65.57],[22.15,65.55],[22.09,65.53],[21.92,65.53],[21.9,65.51],[21.95,65.47],[21.91,65.44],[21.88,65.42],[21.68,65.4],[21.57,65.41],[21.53,65.39],[21.52,65.36],[21.55,65.33],[21.6,65.32],[21.61,65.3],[21.61,65.26],[21.57,65.25],[21.45,65.32],[21.41,65.32],[21.44,65.28],[21.51,65.25],[21.55,65.21],[21.58,65.16],[21.57,65.13],[21.42,65.01],[21.29,64.94],[21.2,64.88],[21.14,64.81],[21.2,64.77],[21.28,64.72],[21.33,64.63],[21.39,64.54],[21.52,64.46],[21.49,64.42],[21.47,64.38],[21.26,64.3],[21.02,64.18],[20.76,63.87],[20.68,63.83],[20.45,63.77],[20.37,63.72],[20.2,63.66],[19.91,63.61],[19.78,63.54],[19.72,63.46],[19.66,63.46],[19.59,63.49],[19.5,63.51],[19.49,63.46],[19.49,63.42],[19.35,63.48],[19.29,63.43],[19.24,63.35],[19.03,63.24],[18.82,63.26],[18.79,63.24],[18.85,63.22],[18.86,63.21],[18.82,63.2],[18.76,63.2],[18.67,63.18],[18.61,63.18],[18.58,63.13],[18.53,63.06],[18.41,63.04],[18.34,63.03],[18.31,63.0],[18.5,62.99],[18.49,62.96],[18.48,62.93],[18.46,62.9],[18.25,62.85],[18.21,62.81],[18.17,62.79],[18.07,62.79],[18.08,62.81],[18.09,62.84],[17.95,62.83],[17.91,62.89],[17.88,62.87],[17.9,62.83],[17.93,62.79],[17.97,62.72],[17.94,62.68],[17.9,62.66],[17.93,62.64],[18.01,62.63],[18.04,62.6],[17.95,62.58],[17.83,62.5],[17.72,62.5],[17.65,62.45],[17.57,62.45],[17.51,62.48],[17.41,62.51],[17.38,62.46],[17.37,62.43],[17.43,62.33],[17.54,62.26],[17.63,62.23],[17.56,62.21],[17.51,62.17],[17.45,62.02],[17.41,61.97],[17.37,61.87],[17.4,61.78],[17.42,61.74],[17.47,61.68],[17.33,61.69],[17.2,61.72],[17.22,61.66],[17.13,61.58],[17.15,61.5],[17.16,61.46],[17.14,61.38],[17.18,61.36],[17.2,61.31],[17.16,61.28],[17.18,61.25],[17.19,61.15],[17.21,60.99],[17.2,60.95],[17.28,60.81],[17.26,60.76],[17.25,60.7],[17.36,60.64],[17.46,60.64],[17.56,60.64],[17.59,60.63],[17.63,60.59],[17.66,60.54],[17.74,60.54],[17.87,60.58],[17.96,60.59],[18.01,60.51],[18.16,60.41],[18.25,60.36],[18.4,60.34],[18.56,60.25],[18.54,60.15],[18.6,60.12],[18.79,60.08],[18.85,60.03],[18.88,59.98],[18.93,59.94],[18.99,59.83],[18.97,59.76],[18.9,59.73],[18.72,59.66],[18.64,59.6],[18.58,59.57],[18.4,59.49],[18.34,59.48],[18.28,59.44],[18.22,59.42],[18.16,59.43],[17.96,59.36],[17.98,59.33]]]]}}]}